LEVEL3_COD,LEVEL_NAME,richness,PD_obs,PE_obs,WE,PDE,mrd,sub_trop_mbf,sub_trop_dbf,sub_trop_cf,temp_bmf,temp_cf,boreal_f_taiga,sub_trop_gss,temp_gss,flooded_gs,mont_gs,tundra,medit_fws,deserts_x_shrub,hfp_mean,deforestation2,mat_change,pre_change,sr_comp_top10,sr_comp_50,pd_comp_50,pd_comp_top10,pde_comp_50,topsr,toppd
AFG,Afghanistan,4450,51607.1611252498,2463.39634056774,1485.48318205313,437.040907736118,110.951949121606,0,0,0,0,0.020124402260702,0,0,0.00550769010816336,0,0.171414344468626,0,0,0.801782745606246,8.56409539433448,0,4.2644807906836,138.608805256782,FALSE,FALSE,FALSE,FALSE,FALSE,0,0
ALA,Alabama,2858,43035.3155431885,943.509900979102,264.488937184339,8.93343458328028,102.82239815144,0,0,0,0.81605476111139,0.18256047652268,0,0,0,0,0,0,0,0,15.3002458367223,0.489030431705591,3.93172035034139,335.79676152685,FALSE,FALSE,FALSE,FALSE,FALSE,0,0
ASK,Alaska,1276,22791.6102538941,457.508623158413,125.71875038651,10.6441211319578,101.046741803279,0,0,0,0,0.0368694825221944,0.331176366363191,0,0,0,0,0.593528662671434,0,0,0.969517034413076,0.0675732217573222,7.63151186786305,775.024912799112,FALSE,FALSE,FALSE,FALSE,FALSE,0,0
ALB,Albania,3314,43873.7688119718,1174.50025776026,406.981913458425,18.2261235768719,109.791634723087,0,0,0,0.0872958135576142,0,0,0,0,0,0,0,0.90427332684642,0,15.6661253922647,0.0248648648648649,4.79291050956021,249.214334052262,FALSE,FALSE,FALSE,FALSE,FALSE,0,0
ABT,Alberta,1520,26059.5170743777,410.233519958948,91.3369596004959,0,103.635112188366,0,0,0,0,0.209777449981142,0.377544647261767,0,0.408892037830168,0,0,0,0,0,7.79669291168689,0.187714111408325,6.4956117816957,30.6342550302505,FALSE,FALSE,FALSE,FALSE,FALSE,0,0
ALD,Aldabra,198,9500.86903874752,164.758741177574,40.6813412585413,14.7125125743696,92.7707382198953,0.0239075606163017,0,0,0,0,0,0,0,0,0,0,0,0.715709527216764,,0,1.86203841790316,-15.9999706554102,FALSE,FALSE,FALSE,FALSE,FALSE,0,0
ALU,Aleutian Is.,350,9974.19565031002,126.320651424673,26.0931680608144,3.01097978142565,95.8626107784431,0,0,0,0,0,0,0,0,0,0,0.872653920314709,0,0,1.24014197645854,0,3.32684171254724,1124.62157179984,FALSE,FALSE,FALSE,FALSE,FALSE,0,0
ALG,Algeria,3442,44566.5396896708,1547.69094619177,641.380062016917,106.772726185089,107.890434476693,0,0,0,0,0.00406232556329313,0,0,0,0.00614131503215646,0,0,0.125959820938269,0.863767758487553,3.33524387560358,0.00235303663434622,4.98909092820845,-10.7357410350431,FALSE,FALSE,FALSE,FALSE,FALSE,0,0
ALT,Altay,2510,36378.1913669346,848.415944031184,306.430428703897,26.2824997672544,107.25375222312,0,0,0,0.0478757766942848,0.216834810827812,0,0,0.598616620238132,0,0.136399662081776,0,0,0.000270646695388271,8.23142489718456,0.0186482955220335,6.50008272758527,129.84869468464,FALSE,FALSE,FALSE,FALSE,FALSE,0,0
ASP,Amsterdam-St.Paul Is.,18,1365.76864297838,22.4607409992727,9.05638152696976,5.55559258418089,95.5062222222222,0,0,0,0,0,0,0,0.934335691658569,0,0,0,0,0,,,2.04104137420657,211.701117916384,FALSE,FALSE,FALSE,FALSE,FALSE,0,0
AMU,Amur,1369,27066.0306328724,503.35849335991,127.078536935025,4.49934100283544,101.53438145101,0,0,0,0.172598658716379,0.22643882581668,0.423676890377966,0,0,0.125189994083288,0,0.0520958198490607,0,0,2.50167998081809,0.156600330233771,7.69869297692642,183.93264653104,FALSE,FALSE,FALSE,FALSE,FALSE,0,0
AND,Andaman Is.,1711,38618.9382122789,1283.49485747494,319.186230144024,106.64985398798,93.6807983441751,0.858397008046577,0,0,0,0,0,0,0,0,0,0,0,0,7.48215015952021,0.0201005025125628,2.73384710930579,-186.835060350787,FALSE,FALSE,FALSE,FALSE,FALSE,0,0
ANG,Angola,5967,71958.0900864718,3654.92891274266,1848.99682044339,646.916508796141,105.332144888287,0,0.00250133155018246,0,0,0,0,0.868929668677868,0,0.00279629837624025,0.0800506004249065,0,0,0.0435070484033438,6.33650177670983,0.0627068542987797,4.41491483220482,212.71981323692,FALSE,FALSE,FALSE,FALSE,FALSE,0,0
ANT,Antarctica,3,489.771843145833,2.13145710500639,0.412337662337662,0,85.1423333333334,0,0,0,0,0,0,0,0,0,0,0.264940149341706,0,0,,,,,FALSE,FALSE,FALSE,FALSE,FALSE,0,0
ATP,Antipodean Is.,149,5281.27123807077,161.396249030172,62.145376878024,29.6998887837124,96.034422818792,0,0,0,0,0,0,0,0,0,0,0.828149372886146,0,0,,0,2.49048511813442,-15.4431780821917,FALSE,FALSE,FALSE,FALSE,FALSE,0,0
AGE,Argentina Northeast,5045,61377.3124498204,2796.34811751715,1214.96899515442,86.4986603417475,106.229431431431,0.0243348501388951,0,0,0,0,0,0.288829485875493,0.629431490766013,0.0566874460791651,0,0,0,0,10.2651756947648,0.064372176047303,3.31041916775083,160.308806714239,FALSE,FALSE,FALSE,FALSE,FALSE,0,0
AGW,Argentina Northwest,5128,56662.0840211161,3557.91545382093,1916.8932510727,398.052630682818,106.815283271083,0.0544064920647913,0,0,0.000362804210547331,0,0,0.375237558205098,0.192466171947882,0,0.377526839362516,0,0,0,4.86373311109015,0.10182119205298,3.39390288568719,135.695825773408,FALSE,FALSE,FALSE,FALSE,FALSE,0,0
AGS,Argentina South,2006,30489.9083801007,1996.83096535103,761.802525910423,157.70019558305,102.45085678392,0,0,0,0.0930252156145004,0,0,0,0.903332698729539,0,0.000219400901477597,0,0,0,5.51194174750531,0.00220035205632901,2.84510574684549,199.955923411902,FALSE,FALSE,FALSE,FALSE,FALSE,0,0
ARI,Arizona,3464,44100.678710102,1772.35359436734,666.005223270923,124.372738000257,111.286210335449,0,0,0.0234866666111744,0,0.210192946722829,0,0,0,0,0,0,0,0.766331632060584,9.31484904681012,0.0232063018948265,5.22724146773993,24.4999283380918,FALSE,FALSE,FALSE,FALSE,FALSE,0,0
ARK,Arkansas,2037,36092.0509816916,606.625575250579,140.110060791788,4.78603374509964,104.031507761642,0,0,0,0.743313511284854,0.256491661626493,0,0,0.000196558842203861,0,0,0,0,0,13.9463597285605,0.228195662205815,4.17428327983315,323.69359496672,FALSE,FALSE,FALSE,FALSE,FALSE,0,0
ARU,Aruba,284,10531.6611740576,129.3676731136,21.441825794807,2.48419667761409,104.926722807018,0,0,0,0,0,0,0,0,0,0,0,0,0.11331451893931,29.746975280077,0,0.599166361490912,-463.871191080729,FALSE,FALSE,FALSE,FALSE,FALSE,0,0
ASC,Ascension,19,1369.26399877372,10.9598893221777,4.72387428390053,1.79458271431577,82.231,0,0,0,0,0,0,0.938174275339904,0,0,0,0,0,0,,0,1.34942021403283,-69.7545454545455,FALSE,FALSE,FALSE,FALSE,FALSE,0,0
ASS,Assam,5720,85002.2029388022,4086.44967166307,1241.88127452615,298.467502861298,96.3965482340538,0.939312113971101,0,0.0554190464875677,0.00434501405767691,0,0,0.000925083780821831,0,0,0,0,0,0,13.4580517194475,0.234214390602056,4.30991049342687,892.807848389311,FALSE,FALSE,FALSE,FALSE,FALSE,0,0
AUT,Austria,3167,40269.3012397451,1042.55717226453,403.925356607243,62.755620710416,109.942839486356,0,0,0,0.422590040401016,0.577410462198428,0,0,0,0,0,0,0,0,19.0181543685685,0.07,4.09546024639024,41.6293903202175,FALSE,FALSE,FALSE,FALSE,FALSE,0,0
AZO,Azores,473,13016.8482985648,257.163083937056,77.3539566987886,89.0216926053295,107.3573125,0,0,0,0.962352648211797,0,0,0,0,0,0,0,0,0,19.8104324054823,0,3.11392828961171,355.469211118491,FALSE,FALSE,FALSE,FALSE,FALSE,0,0
BAH,Bahamas,1025,26282.7565450867,593.591770181084,165.254460059573,35.0756476052868,104.332153921569,0,0,0.440360616124065,0,0,0,0,0,0,0,0,0,0,7.15352638099127,0.0234192037470726,2.95521455331466,-329.012299992739,FALSE,FALSE,FALSE,FALSE,FALSE,0,0
BAL,Baleares,1401,25567.1044375492,546.596458663407,200.996490294861,63.1110144544095,105.869719708029,0,0,0,0,0,0,0,0,0,0,0,0.943139352242924,0,23.7391365221393,0,5.00763194577386,-10.2755027643715,FALSE,FALSE,FALSE,FALSE,FALSE,0,0
BLT,Baltic States,1597,25288.141144297,299.825161085606,135.319455077189,2.01390354881078,110.857656875,0,0,0,0.99124762016702,0,0,0,0,0,0,0,0,0,14.9353838095915,0.204401467155719,5.41184860144587,113.427549683007,FALSE,FALSE,FALSE,FALSE,FALSE,0,0
BAN,Bangladesh,3962,67693.1786319732,2496.14735525469,544.390450232461,41.3312410909045,96.8993921072603,0.877647277123822,0,0,0,0,0,0.000907317048739017,0,0,0,0,0,0,17.4047841835284,0.045608489501016,3.69327861149113,409.836122491992,FALSE,FALSE,FALSE,FALSE,FALSE,0,0
BLR,Belarus,1407,25668.6193463335,293.407831164305,55.5984433195604,0.462142386520254,106.468482361411,0,0,0,0.999999778261019,0,0,0,0,0,0,0,0,0,15.1268756274348,0.125735849056604,5.41272751348875,59.7268894606045,FALSE,FALSE,FALSE,FALSE,FALSE,0,0
BGM,Belgium,1747,31098.4939753981,950.321882466362,161.177903412454,24.8967959481663,104.373597838453,0,0,0,0.999195979988296,0,0,0,0,0,0,0,0,0,31.6716705160983,0.0680728667305849,3.53147982433783,72.1306605470202,FALSE,FALSE,FALSE,FALSE,FALSE,0,0
BLZ,Belize,3350,57044.5558483268,1831.14331565415,399.16672524241,54.8890368140848,102.00588517179,0.746059822028906,0,0.127173217384049,0,0,0,0,0,0,0,0,0,0,8.54585601557653,0.25414364640884,3.27018910853722,-273.192778425839,FALSE,FALSE,FALSE,FALSE,FALSE,0,0
BEN,Benin,2274,41022.2962803361,860.741914997918,162.218660352762,6.04433579164004,102.428853333333,0.0128199282505025,0,0,0,0,0,0.986339304823402,0,0,0,0,0,0,12.4560732019985,0.153374233128834,3.708496107202,260.762022163853,FALSE,FALSE,FALSE,FALSE,FALSE,0,0
BER,Bermuda,179,8689.35134499785,86.1899053749877,14.6012041187033,16.0040728908507,92.7476235955056,0,0,0.847575988880622,0,0,0,0,0,0,0,0,0,0,30.7758340623644,0,3.05873244689397,30.1237368471989,FALSE,FALSE,FALSE,FALSE,FALSE,0,0
BIS,Bismarck Archipelago,1384,33457.6157180011,1642.96964051734,493.072456230141,175.11287025508,89.2320987472366,0.940024088290336,0,0,0,0,0,0,0,0,0,0,0,0,4.85168488077806,0.197075651621106,1.43500841088475,178.233660341768,FALSE,FALSE,FALSE,FALSE,FALSE,0,0
BOL,Bolivia,13568,123977.514927276,10360.9856175979,5059.8253978306,1642.27974009651,103.1463046441,0.314623473444382,0.217965672641442,0,0,0,0,0.234512641772468,0,0.0295947008486703,0.200557973111656,0,0,0,5.79349363228985,0.139447526583449,3.8785723890555,384.655782287842,FALSE,FALSE,TRUE,FALSE,FALSE,1,1
BOR,Borneo,10782,106890.176979684,17002.8534931475,7057.67655655319,8160.84325558671,87.0809799327982,0.957750418695296,0,0,0,0,0,0,0,0,0.00583655800703135,0,0,0,5.96418694595394,0.473606231215341,2.43724234789764,859.288060630953,TRUE,TRUE,TRUE,TRUE,TRUE,0,0
BOT,Botswana,2417,38358.9679257402,1091.94934221177,314.757548017854,7.17868852808601,104.351088421053,0,0,0,0,0,0,0.53645802967649,0,0.08076780519413,0,0,0,0.382775044528198,5.52482505654482,0.000326335255085391,4.59131085245556,23.374876810799,FALSE,FALSE,FALSE,FALSE,FALSE,0,0
BZN,Brazil North,12782,111175.433901927,10340.5285270975,4306.10751727243,1569.06031375742,96.3916392593755,0.917657733395884,0.00240673821282549,0,0,0,0,0.0777432945486259,0,0,0,0,0,0,1.98178681812696,0.161702545151295,3.74971578635477,181.604655321151,FALSE,FALSE,TRUE,FALSE,FALSE,1,0
BZE,Brazil Northeast,10789,99262.203966441,9822.19694634224,4795.9035590886,2503.23141507171,101.531023223409,0.23824632095165,0.0601246496448902,0,0,0,0,0.225870806974196,0,0,0,0,0,0.465809988422372,8.00281078069609,0.173601235220024,3.5483801601473,108.99559322473,FALSE,FALSE,TRUE,FALSE,FALSE,0,0
BZS,Brazil South,7894,80581.8872014384,5582.59103824367,2922.49839351502,720.846592368576,105.286123379924,0.678793610723663,0,0,0,0,0,0.316868613332335,0,0.000197318242228408,0,0,0,0,12.6730079568338,0.149744217081851,3.24081878995955,266.367116033745,FALSE,FALSE,FALSE,FALSE,FALSE,0,0
BZL,Brazil Southeast,16960,121480.948189558,15274.103025999,9626.34304726613,4913.49650917269,100.268635045958,0.505419213683819,0.0235957595355899,0,0,0,0,0.454912275719651,0,0,0,0,0,0.0124246027827818,12.6731418026661,0.134853928014641,3.75025897788173,2.4848008185113,TRUE,TRUE,TRUE,TRUE,TRUE,1,1
BZC,Brazil West-Central,9377,90325.3799845914,6508.09923385735,3186.27635515752,803.799989236089,103.256114968392,0.303008260953947,0.035132719204987,0,0,0,0,0.577261672073735,0,0.084597226552841,0,0,0,0,7.41240586182156,0.216114428443196,4.04180516577242,79.6536925728108,FALSE,FALSE,FALSE,FALSE,FALSE,0,0
BRC,British Columbia,2166,32873.3306068729,769.365319268909,213.58845564599,8.95697375199274,103.46192173913,0,0,0,0,0.673225258223436,0.26901033338692,0,0.0107343577594237,0,0,0.0263013608795921,0,0,2.5218015087264,0.190493349931206,4.83593363152724,552.806909275551,FALSE,FALSE,FALSE,FALSE,FALSE,0,0
BUL,Bulgaria,3776,46221.7590074342,1242.49042544516,521.40318851006,73.0535953702214,109.875626492325,0,0,0,0.992759438898471,0,0,0,0.00469323021746355,0,0,0,0.00186096732544063,0,16.5641065984426,0.0259301014656144,4.84678140029344,18.0613932459096,FALSE,FALSE,FALSE,FALSE,FALSE,0,0
BKN,Burkina,1772,33061.9995310917,569.301116006289,107.451369051819,2.23766103343261,101.076545558739,0,0,0,0,0,0,0.999999890718408,0,0,0,0,0,0,14.200290474917,0.0279278243880014,4.25561543593823,146.124823106401,FALSE,FALSE,FALSE,FALSE,FALSE,0,0
BUR,Burundi,2616,43757.3304195974,1050.36492624815,289.92278806668,51.5725964187124,105.930225455957,0.255441218528701,0,0,0,0,0,0.678073954174593,0,0,0,0,0,0,21.7962166191042,0.0565819861431871,3.82715610868399,327.341354644949,FALSE,FALSE,FALSE,FALSE,FALSE,0,0
BRY,Buryatiya,1734,29561.9565433805,581.743272478775,168.616318675773,10.105458543167,105.592153665689,0,0,0,0,0.130823337327391,0.528545283507789,0,0.104253872840686,0,0.0390665780225798,0.148066128704033,0,0,2.20693879591831,0.202111478929945,7.43700318166253,234.054094408436,FALSE,FALSE,FALSE,FALSE,FALSE,0,0
CPI,C. American Pacific Is.,148,6868.69849345013,92.2628533034577,25.410325697195,7.09031677785348,97.3191156462585,0.631284064342006,0,0,0,0,0,0.0158424651539716,0,0,0,0,0,0.00133150391578514,,,,,FALSE,FALSE,FALSE,FALSE,FALSE,0,0
CAB,Cabinda,929,22351.1242035049,762.206849885256,172.150515368475,35.0933680850738,96.6752641921397,0.337711952990973,0,0,0,0,0,0.657166474658375,0,0,0,0,0,0,8.71692977302953,0.163716814159292,2.46029445300999,341.551332686688,FALSE,FALSE,FALSE,FALSE,FALSE,0,0
CAL,California,5498,53932.9861271987,4608.03576995097,2383.95569440025,1492.23957043598,108.949039241213,0,0,0,0,0.293435131851924,0,0,0.134899651985735,0,0,0,0.26454812656518,0.305419692913113,11.4388739741331,0.160398314821907,4.34534641419334,120.383558898594,FALSE,FALSE,TRUE,FALSE,FALSE,0,0
CBD,Cambodia,3695,64032.3183394765,2717.09015224717,700.26837446404,149.574775540808,96.7182980437284,0.341779121405697,0.651308969226072,0,0,0,0,0,0,0,0,0,0,0,11.5527734558988,0.322007588823732,3.0247610911969,194.455360178652,FALSE,FALSE,FALSE,FALSE,FALSE,0,0
CMN,Cameroon,6746,77781.9526569217,4359.00630059211,1696.60998078764,731.464235931136,99.7821189019842,0.521626971315242,0,0,0,0,0,0.462540928269662,0,0.00113876075572753,0,0,0,0,8.528437018023,0.0693290087168052,3.46003713614104,481.195218805096,FALSE,FALSE,TRUE,FALSE,FALSE,0,0
CNY,Canary Is.,1464,24047.9125534348,1056.19478751957,647.226128149294,444.623281318189,110.407606796117,0,0,0,0,0,0,0,0,0,0,0,0.94006124455703,0,18.8256227593354,0.00862068965517241,2.9926389426216,-180.777517887224,FALSE,FALSE,FALSE,FALSE,FALSE,0,0
CPP,Cape Provinces,15362,88425.2806940025,21948.6419811075,11878.8227431629,16196.72652726,100.098197845695,0.0154129641038434,0,0,0,0,0,0,0,0,0.154285718045078,0,0.143520026858777,0.685495464474721,8.36192574729579,0.0190683995825823,3.62155958687337,7.32694845941575,TRUE,TRUE,TRUE,TRUE,TRUE,1,0
CVI,Cape Verde,483,13355.5966187939,195.518094315963,87.3646646839027,36.1347448565357,104.038912317328,0,0.895860101917794,0,0,0,0,0,0,0,0,0,0,0,12.8079912307129,0,2.45296266016157,-134.98297026836,FALSE,FALSE,FALSE,FALSE,FALSE,0,0
CPV,Caprivi Strip,599,18002.1794866388,298.131375833022,52.0948815558215,0,100.650048695652,0,0,0,0,0,0,0.833897776184883,0,0.166085617386128,0,0,0,0,6.38569554362867,0.014218009478673,4.291383276885,-17.4490316871587,FALSE,FALSE,FALSE,FALSE,FALSE,0,0
CRL,Caroline Is.,844,24516.7451668388,805.008116309007,330.546437282879,175.480134012033,91.9299756097561,0.668350467308003,0.0398283854275834,0,0,0,0,0,0,0,0,0,0,0,12.3829981852169,0,2.12270321934367,653.641378041762,FALSE,FALSE,FALSE,FALSE,FALSE,0,0
CAY,Cayman Is.,534,17536.0973036868,294.813697976197,58.8927849209577,12.8712965730087,101.504026515152,0,0.355476071012946,0,0,0,0,0,0,0,0,0,0,0,20.7528631790825,0,2.23884132493586,67.7496540433253,FALSE,FALSE,FALSE,FALSE,FALSE,0,0
CAF,Central African Republic,3555,54365.4417540506,1712.71648210986,436.335587204247,60.7783628709406,100.937520975057,0.104145427713562,0,0,0,0,0,0.895854339505739,0,0,0,0,0,0,3.30654028226799,0.0342784810126582,4.52710907015343,440.264829572049,FALSE,FALSE,FALSE,FALSE,FALSE,0,0
RUC,Central European Russia,1899,30859.3125097915,490.579017365918,140.111268103985,14.2447341858315,108.08698019272,0,0,0,0.791137852741012,0,0.174583226561073,0,0.0342793786096313,0,0,0,0,0,13.6651006856309,0.0875520047126395,6.12436439758089,52.0129181379799,FALSE,FALSE,FALSE,FALSE,FALSE,0,0
CHA,Chad,2108,38136.7907731344,705.959125628247,170.708122869805,13.9693253019785,101.760449038462,0,0,0,0,0,0,0.58249666364497,0,0.00778863580024444,0,0,0,0.406191235359284,5.79291051896002,0.0107786794267814,3.82360335188163,107.306468119621,FALSE,FALSE,FALSE,FALSE,FALSE,0,0
CGS,Chagos Archipelago,46,3493.10810239173,23.8627080962862,2.35984101587283,0,90.2705909090909,0.488869748619172,0,0,0,0,0,0,0,0,0,0,0,0,,0,2.08465415825281,889.791323490466,FALSE,FALSE,FALSE,FALSE,FALSE,0,0
CTM,Chatham Is.,245,8333.36567973947,231.368758486748,86.8589939560138,17.3665804671411,99.1053770491803,0,0,0,0.901321902000982,0,0,0,0,0,0,0,0,0,,0,1.76563667045328,219.552309985097,FALSE,FALSE,FALSE,FALSE,FALSE,0,0
CLC,Chile Central,2910,37444.3911272401,3400.80251721832,1555.73043841584,902.934533788162,103.438524381868,0,0,0,0.429093555316541,0,0,0,0,0,0.0711118454516041,0,0.49587934552555,0,10.454035721876,0.234919571045576,2.56717299514368,550.720171706964,FALSE,FALSE,FALSE,FALSE,FALSE,0,0
CLN,Chile North,1718,24492.9076564422,1781.82376015198,814.616360186181,355.97106982951,106.527547325103,0,0,0,0,0,0,0,0,0,0.376385527947866,0,0.212518628971762,0.408892264744764,3.77048866270329,0,5.32698945447454,99.5682572637973,FALSE,FALSE,FALSE,FALSE,FALSE,0,0
CLS,Chile South,1275,24761.3407149692,1592.26486170232,431.439410248419,56.5229640866708,98.5078484609313,0,0,0,0.799274005554288,0,0,0,0.0942885618145978,0,0,0,0,0,3.47330958536366,0.0342643546879867,1.58918540813863,2369.67151231067,FALSE,FALSE,FALSE,FALSE,FALSE,0,0
CHN,China North-Central,5202,68001.3706921787,3927.72359458834,1340.84546380877,237.547173020519,100.873196032214,0,0,0,0.620121839587313,0.0120003660112823,0,0,0.0377027846810757,0.010318858125699,0.158930379493733,0,0,0.160429410593832,16.3554080399213,0.00594768294057955,5.34511442823802,156.815799627256,FALSE,FALSE,FALSE,FALSE,FALSE,0,0
CHC,China South-Central,18238,153300.906768083,18779.2717730382,9317.88089861266,5772.01718397691,97.380839604398,0.469483004904789,0,0,0.261530453920321,0.152509662802077,0,0,0,0,0.116476956240036,0,0,0,13.2205329304423,0.0527603829266537,3.92429800002968,318.087750457677,TRUE,TRUE,TRUE,TRUE,TRUE,1,1
CHS,China Southeast,10214,117100.141803787,11636.9897709707,4202.71239548168,3061.03415964778,95.6496902830002,0.609929258256656,0,0,0.382847509783718,0,0,0,0,0.00367120671373151,0,0,0,0,17.7962873369735,0.168382385288813,4.55083861695583,378.357885297954,FALSE,FALSE,TRUE,FALSE,FALSE,0,1
CTA,Chita,1474,27387.5106378958,480.128259994064,124.922024161143,1.7238483610253,105.019264502762,0,0,0,0,0.0371211150434364,0.653038008683833,0,0.236380254007722,0,0,0.0734610111167138,0,0,2.72890766461757,0.174407651619448,7.72311326614443,179.099480970205,FALSE,FALSE,FALSE,FALSE,FALSE,0,0
XMS,Christmas I.,185,9707.77908323093,138.327400283434,24.5093310245635,17.8519040676153,96.1957032967033,0.930101858383765,0,0,0,0,0,0,0,0,0,0,0,0,15.6065745565626,0,3.04716043202896,-613.757114285399,FALSE,FALSE,FALSE,FALSE,FALSE,0,0
CKI,Cocos (Keeling) I.,75,4848.36423419139,31.186397693574,1.72669823894615,0,90.6510666666667,0.461748386307656,0,0,0,0,0,0,0,0,0,0,0,0,7.84840762615204,,2.12124977111819,-132.484593344634,FALSE,FALSE,FALSE,FALSE,FALSE,0,0
CLM,Colombia,22833,157885.697242707,18911.9814144327,11147.3562211283,4591.15333182566,99.2171179545754,0.751461857077641,0.0690210239782967,0,0,0,0,0.134451099238679,0,0,0.0135443885943317,0,0,0.0240749756079478,7.22287114340513,0.113017293773137,3.14568214576546,417.950766431363,TRUE,TRUE,TRUE,TRUE,TRUE,1,1
COL,Colorado,2644,35846.9690688739,972.581745934924,382.013733184018,78.0394754293701,110.284117762899,0,0,0,0,0.357484311139065,0,0,0.421851688843305,0,0,0,0,0.217736576550873,10.7006044062684,0.0434426229508197,4.43179347809988,118.607170987001,FALSE,FALSE,FALSE,FALSE,FALSE,0,0
COM,Comoros,898,25840.683220553,991.619572307242,328.590263704188,159.333978757666,99.2551155555556,0.900638326170737,0,0,0,0,0,0,0,0,0,0,0,0,18.104516071544,0,2.76531475437997,-164.839606000139,FALSE,FALSE,FALSE,FALSE,FALSE,0,0
CON,Congo,3937,56575.604564734,2301.31964790724,622.255996880498,28.1516043339948,97.7409686858316,0.674491912988995,0,0,0,0,0,0.325286014965967,0,0,0,0,0,0,5.49468600050396,0.0540144648905978,3.62915523815339,326.902513734859,FALSE,FALSE,FALSE,FALSE,FALSE,0,0
CNT,Connecticut,1564,30915.6767833797,366.567572059587,52.887584601521,0.941974333926085,98.660987654321,0,0,0,0.997251336978663,0,0,0,0,0,0,0,0,0,25.1838497356869,0.0537897310513447,5.19938351257649,174.924887182166,FALSE,FALSE,FALSE,FALSE,FALSE,0,0
COO,Cook Is.,211,10207.438683364,176.969092896819,41.0724016001856,10.2920162716444,94.3294086538462,0.796979712972167,0,0,0,0,0,0,0,0,0,0,0,0,11.8296031104964,0,1.54864856803814,854.628364780971,FALSE,FALSE,FALSE,FALSE,FALSE,0,0
COR,Corse,2056,32652.3721541657,675.315727830574,217.899157429731,34.7582202448732,105.577540354331,0,0,0,0,0,0,0,0,0,0,0,0.980409805005599,0,13.8106643679215,0.0296010296010296,1.60242984688919,277.72664788636,FALSE,FALSE,FALSE,FALSE,FALSE,0,0
COS,Costa Rica,9408,100606.419111529,6989.36216489189,3132.64764341522,1077.64701405193,99.1749063719116,0.84920594217156,0.116344583854342,0,0,0,0,0,0,0,0,0,0,0,14.0668226778559,0.126528117359413,1.73406301807545,-673.595968723375,FALSE,FALSE,TRUE,FALSE,FALSE,0,0
CRZ,Crozet Is.,15,1612.13993982292,14.5238529467069,1.74627594627595,0,94.7806666666667,0,0,0,0,0,0,0,0,0,0,0.925466666005138,0,0,,0,1.58398601211833,1663.86728307255,FALSE,FALSE,FALSE,FALSE,FALSE,0,0
CUB,Cuba,5522,69400.8528538101,5362.86957313343,3063.5276365694,2159.69857047036,100.701968642378,0.191697832642884,0.592874873528924,0.0577970968011331,0,0,0,0,0,0.0511996163241248,0,0,0,0.027894322124291,16.1900053986668,0.116206209057249,2.98645548607843,-65.923645554208,FALSE,FALSE,TRUE,FALSE,FALSE,0,0
CYP,Cyprus,1586,28612.5464286524,688.159844971039,222.657386909219,72.3146283752236,106.753988341969,0,0,0,0,0,0,0,0,0,0,0,0.980704809773257,0,20.0704818848133,0.0253164556962025,3.26429724168452,74.0652185034441,FALSE,FALSE,FALSE,FALSE,FALSE,0,0
CZE,Czechoslovakia,2998,39335.1169556338,1035.64241400467,408.685425482932,103.981386471454,109.660015166835,0,0,0,0.850850150659587,0.149149877348823,0,0,0,0,0,0,0,0,22.1840377899335,0.0983847283406755,4.93252077047193,54.9663869276545,FALSE,FALSE,FALSE,FALSE,FALSE,0,0
DEL,Delaware,1423,29834.9222068788,362.404267311352,52.5886629379534,0,99.8486938633194,0,0,0,0.213467730439447,0.771343296158154,0,0,0,0,0,0,0,0,28.538963471722,0.0726256983240224,5.57379978082606,107.597125564889,FALSE,FALSE,FALSE,FALSE,FALSE,0,0
DEN,Denmark,1597,25354.4959646337,482.658983378704,180.940843266241,4.88395463065825,111.449556246116,0,0,0,0.920911319702015,0,0,0,0,0,0,0,0,0,23.2198001032712,0.053019145802651,4.07187119116852,142.521409779496,FALSE,FALSE,FALSE,FALSE,FALSE,0,0
DSV,Desventurados Is.,28,2184.29220321268,26.304359327758,15.2510327128107,5.47357095614915,89.9206153846154,0,0,0,0.287772766455489,0,0,0,0,0,0,0,0,0,,,,,FALSE,FALSE,FALSE,FALSE,FALSE,0,0
WDC,District of Columbia,1004,25251.9146462245,277.543880461871,32.3192946762495,0,97.82715,0,0,0,1,0,0,0,0,0,0,0,0,0,42.7010813787872,0,5.27646347386734,94.8360090642452,FALSE,FALSE,FALSE,FALSE,FALSE,0,0
DJI,Djibouti,760,19851.3291909717,339.19074733496,74.0894900509366,7.1172437952871,107.002505263158,0,0,0,0,0,0,0,0,0,0,0,0,0.99520197950566,9.30033282678322,0,3.82301512350049,32.8521388769611,FALSE,FALSE,FALSE,FALSE,FALSE,0,0
DOM,Dominican Republic,3532,56625.1227645308,2706.099296484,1137.98257636042,400.857369560875,101.895154065621,0.588394873709534,0.195148648925669,0.171489888091524,0,0,0,0,0,0.00949548788413504,0,0,0,0,15.9961698728292,0.215736040609137,2.82483861604221,-221.666003541416,FALSE,FALSE,FALSE,FALSE,FALSE,0,0
EAI,East Aegean Is.,2043,31875.6036037567,811.298109436956,270.835307707866,23.1868521414969,108.791843985908,0,0,0,0,0,0,0,0,0,0,0,0.87785221279829,0,17.0895225827614,0.0742574257425743,4.47932136912408,-53.796947359492,FALSE,FALSE,FALSE,FALSE,FALSE,0,0
RUE,East European Russia,2401,35062.0810845432,660.92859668823,257.035578690204,27.0601380246004,109.076688193744,0,0,0,0.389114342063919,0,0.384035339624403,0,0.226850492446893,0,0,0,0,0,11.2189735554428,0.0709162326018274,6.63308218802884,120.076525386652,FALSE,FALSE,FALSE,FALSE,FALSE,0,0
EHM,East Himalaya,6851,89651.3342329749,4971.11788131609,1743.6009020924,455.961531405367,98.2982165070007,0.0788784590751145,0,0.0200247977096435,0.502305902048087,0.201955454204049,0,0.00502991430653092,0,0,0.150314907683205,0,0,0,5.57030158430325,0.0635071090047393,3.96622370353833,2959.01207245381,FALSE,FALSE,TRUE,FALSE,FALSE,0,0
EAS,Easter Is.,27,1666.80217421659,11.9860780056378,3.90603199972399,1.10679834863201,94.7362,0.885741352315097,0,0,0,0,0,0,0,0,0,0,0,0,,0,2.07732995740414,198.786029841624,FALSE,FALSE,FALSE,FALSE,FALSE,0,0
ECU,Ecuador,16599,128453.384744997,14238.0875282006,8332.39410943032,3295.27975387736,101.812474924471,0.801288951781019,0.0978665285813216,0,0,0,0,0,0,0.0116396316969707,0.0639874778757817,0,0,0,9.26695841278089,0.105608893380495,2.46826197624122,942.958099776178,FALSE,TRUE,TRUE,FALSE,FALSE,1,1
EGY,Egypt,1595,28438.9875194427,588.624826466883,148.943190659694,13.5856276610835,105.136363809524,1.31997149878604e-05,0,0,0,0,0,0,0,0.0753554928904469,0,0,0.00373468824311019,0.919918275251047,3.10036472874783,6.64451827242525e-05,4.44588327696265,-19.3499580661008,FALSE,FALSE,FALSE,FALSE,FALSE,0,0
ELS,El Salvador,3200,56039.3515724614,1648.19389109063,381.557194419483,16.7885450017658,103.473267110266,0.0496458725991239,0.401145737040257,0.520170867837673,0,0,0,0,0,0,0,0,0,0,19.0635878849338,0.0684931506849315,4.29730589784315,-629.025096005994,FALSE,FALSE,FALSE,FALSE,FALSE,0,0
EQG,Equatorial Guinea,1287,27566.0236187917,892.62059332924,209.165792114705,12.748400563103,94.9108198757764,0.965230465203167,0,0,0,0,0,0,0,0,0,0,0,0,9.72591894344497,0.11514392991239,2.43848852930368,971.413775345786,FALSE,FALSE,FALSE,FALSE,FALSE,0,0
ERI,Eritrea,1815,35116.1919870155,696.981716463095,193.583477020309,6.18517248765221,106.377310055866,0.129125484920288,0,0,0,0,0,0.457213430649105,0,0,0.0594931296136751,0,0,0.346016794597278,10.3188457284843,0,3.82167183414727,135.987886938838,FALSE,FALSE,FALSE,FALSE,FALSE,0,0
ETH,Ethiopia,4963,63197.6492992731,2493.5775369371,1158.53712467742,320.937161508164,107.319323234391,0.201554599308426,0,0,0,0,0,0.508080449027263,0,0.000679058605078727,0.232018424059013,0,0,0.0572352899560167,9.3384640315438,0.0179879152396068,4.11611020057995,368.637881636902,FALSE,FALSE,FALSE,FALSE,FALSE,0,0
FAL,Falkland Is.,160,6723.68730805223,204.511159378444,43.7445158734572,2.6879536435698,97.7749559748428,0,0,0,0,0,0,0,0.902865866896954,0,0,0,0,0,3.40787194606051,0,2.96263302573856,86.3092505607042,FALSE,FALSE,FALSE,FALSE,FALSE,0,0
FIJ,Fiji,1388,30379.5295898064,1857.13115252427,871.112101326435,623.534156719142,93.3838516918646,0.553063372709224,0.349510425379751,0,0,0,0,0,0,0,0,0,0,0,9.50550008226688,0.0575539568345324,2.38815271304382,-234.232743488758,FALSE,FALSE,FALSE,FALSE,FALSE,0,0
FIN,Finland,2084,23556.3875482155,427.098291396075,605.431929848595,56.5662827565001,108.646575640406,0,0,0,0.0115018138285535,0,0.969708812660848,0,0,0,0,0.0112988794444975,0,0,10.587162634555,0.283679359463737,5.97236432912484,286.541570059132,FALSE,FALSE,FALSE,FALSE,FALSE,0,0
FLA,Florida,2919,47878.9993422197,1228.59122297088,466.838131487719,113.24220141915,103.082328795812,0.0132181153595289,0,0,0,0.836566353561323,0,0,0,0.134756113672692,0,0,0,0,16.9727547127321,0.302490339201374,2.90694753963543,135.664392854356,FALSE,FALSE,FALSE,FALSE,FALSE,0,0
FOR,Føroyar,325,9705.56290608552,78.604869798496,26.907219836892,1.01483098764299,101.291530487805,0,0,0,0,0,0,0,0.72765788210903,0,0,0,0,0,15.6605011198112,0,2.42344146243253,905.722509765625,FALSE,FALSE,FALSE,FALSE,FALSE,0,0
FRA,France,5216,55314.0551731112,2279.79108723588,1012.69687966178,118.343556640707,109.634218375242,0,0,0,0.856995777449187,0.0330317230386866,0,0,0,0,0,0,0.106900694047133,0,22.3281971611547,0.0590423059042306,3.79631788874837,72.3144947328509,FALSE,FALSE,FALSE,FALSE,FALSE,0,0
OFS,Free State,2518,36405.4339918016,1643.17310905111,521.489275183928,11.7732131997518,105.042942718838,0,0,0,0,0,0,0,0,0,0.736534321083378,0,0,0.263467598218122,11.4074519566238,0.00483091787439614,4.17306732377854,54.7324113897475,FALSE,FALSE,FALSE,FALSE,FALSE,0,0
FRG,French Guiana,4577,64150.9507627882,3449.55626006784,954.166085394886,260.991227278898,96.7474102287441,0.970505175333513,0,0,0,0,0,0,0,0,0,0,0,0,1.81164727769985,0.029126213592233,3.40744197002417,-754.014099732904,FALSE,FALSE,FALSE,FALSE,FALSE,0,0
GAB,Gabon,4823,60970.6583066211,3524.12767993963,1257.38548347557,499.074597261466,96.9190648942851,0.806856971715966,0,0,0,0,0,0.172594550976891,0,0,0,0,0,0,5.8525294545991,0.0353195579048534,2.62909868241737,388.418530747892,FALSE,FALSE,FALSE,FALSE,FALSE,0,0
GAL,Galápagos,477,13533.7365918994,308.432419119394,187.643354216672,79.5593851865867,109.005713987474,0,0,0,0,0,0,0,0,0,0,0,0,0.936151807198092,,0.0199203187250996,2.51048316383994,900.458201258157,FALSE,FALSE,FALSE,FALSE,FALSE,0,0
GAM,"Gambia, The",789,21782.6034659721,315.023281387962,37.3335284441679,0.128677317155928,100.589640926641,0,0,0,0,0,0,0.902102924732284,0,0,0,0,0,0,19.8063665542942,0.025974025974026,4.10978009645121,-451.64339016727,FALSE,FALSE,FALSE,FALSE,FALSE,0,0
GEO,Georgia,2831,43750.0644290706,985.565078822289,274.229341092843,24.611598043874,103.413431688126,0,0,0,0.524959608763609,0.471206175677638,0,0,0,0,0,0,0,0,17.1295356257631,0.501977107180021,3.95910437781158,276.05944225251,FALSE,FALSE,FALSE,FALSE,FALSE,0,0
GER,Germany,3495,42908.8986953001,1938.10190380281,598.108772453305,378.614375219139,108.814476821192,0,0,0,0.986096967452204,0.00964323452331757,0,0,0,0,0,0,0,0,25.3101073841429,0.0576889356479046,4.2745737731067,169.509329619413,FALSE,FALSE,FALSE,FALSE,FALSE,0,0
GHA,Ghana,2988,49720.4783718501,1326.00425365944,287.797331070875,14.7946460054109,99.8370281546811,0.331022627686505,0,0,0,0,0,0.659785698841354,0,0,0,0,0,0,14.7091230861094,0.180192029462054,3.50728946612539,170.096785742993,FALSE,FALSE,FALSE,FALSE,FALSE,0,0
GIL,Gilbert Is.,91,5638.09721529577,50.0104340983979,4.57060818283593,0.557427857594195,93.6905632183908,0.118673050482106,0,0,0,0,0,0,0,0,0,0,0,0,,0,2.16897926330569,482.035150243366,FALSE,FALSE,FALSE,FALSE,FALSE,0,0
GRB,Great Britain,2439,32988.6830804388,1487.23267557601,770.050005781796,384.581082052557,108.172303557312,0,0,0,0.884505324254853,0.0938367060604104,0,0,0,0,0,0,0,0,20.6821797577072,0.0593243243243243,3.59062545160725,94.3535934856468,FALSE,FALSE,FALSE,FALSE,FALSE,0,0
GRC,Greece,5019,53095.3506751133,2116.1266462657,1279.75964935422,347.715249427008,108.822621147173,0,0,0,0.107486525577616,0,0,0,0,0,0,0,0.867190492168085,0,16.8410096844304,0.0335910423886963,4.90257256443858,44.3653056035605,FALSE,FALSE,FALSE,FALSE,FALSE,0,0
GNL,Greenland,453,10506.7140244593,134.983173493047,33.9513322527367,7.07992688033047,99.9460740740741,0,0,0,0,0,0,0,0,0,0,0.217514192966431,0,0,0.0614582911785473,0,3.75957853069099,-9.36597357655228,FALSE,FALSE,FALSE,FALSE,FALSE,0,0
GUA,Guatemala,7511,89176.6752852936,4385.04449877424,1735.79820430485,330.270143834768,103.267438537761,0.627755033593575,0.068728495870911,0.268961046958322,0,0,0,0,0,0,0,0,0,0.0213625432458251,13.64736062782,0.276762402088773,2.68988359313856,-891.370460920153,FALSE,FALSE,FALSE,FALSE,FALSE,0,0
GUI,Guinea,2825,47839.5042989882,1324.80701973947,357.262398388036,67.5821639230719,99.7663987068966,0.193559038303724,0,0,0,0,0,0.793191099434526,0,0,0,0,0,0,11.9389583473156,0.272552043176561,4.04175846003649,114.349052041468,FALSE,FALSE,FALSE,FALSE,FALSE,0,0
GNB,Guinea-Bissau,1411,32445.7635045692,568.751016216507,85.5964338274079,5.0391783397424,100.873520893372,0,0,0,0,0,0,0.724142046300277,0,0,0,0,0,0,12.0277912404032,0.226244343891403,3.76862881996691,-414.773232428958,FALSE,FALSE,FALSE,FALSE,FALSE,0,0
GGI,Gulf of Guinea Is.,1685,35783.4868790761,1035.56172358453,316.015832607656,135.153427627812,99.162817855003,0.886905737604325,0,0,0,0,0,0,0,0,0,0,0,0,12.5418639196465,0.06,3.4528782075237,855.208663355015,FALSE,FALSE,FALSE,FALSE,FALSE,0,0
GST,Gulf States,715,17337.1278278923,284.317240885537,54.5704444570915,0,103.394027982327,0,0,0,0,0,0,0,0.00116605528864414,0,0,0,0,0.988243279802423,12.3368412311834,0,4.53707796366377,3.18736093504008,FALSE,FALSE,FALSE,FALSE,FALSE,0,0
GUY,Guyana,5772,74465.5162742723,4527.78877556752,1318.37563201831,448.096771440222,96.8881339331183,0.931639804654518,0,0,0,0,0,0.0638999424746574,0,0,0,0,0,0,1.69604332263062,0.0383871447701235,3.27392719650019,-656.968412076896,FALSE,FALSE,FALSE,FALSE,FALSE,0,0
CHH,Hainan,3211,61762.3982308811,2883.36540052569,840.122537798927,359.967325357538,93.9682450518379,0.98368671288454,0,0,0,0,0,0,0,0,0,0,0,0,16.9335252098588,0.298148148148148,2.74023476967194,-11.2186899008877,FALSE,FALSE,FALSE,FALSE,FALSE,0,0
HAI,Haiti,3329,54241.4616997114,2625.93350474116,1163.46520506858,362.117322141436,102.181945300695,0.621162095379546,0.209632114304137,0.119474608286123,0,0,0,0,0,0.00618803183639114,0,0,0,0,16.3579034000937,0.099644128113879,3.1404864228376,-417.143606443103,FALSE,FALSE,FALSE,FALSE,FALSE,0,0
HAW,Hawaii,991,15619.680789255,1156.2070781103,879.661154550162,726.222179672194,108.451234285714,0.395652335510725,0.375832698360125,0,0,0,0,0.185451665629288,0,0,0,0,0,0,8.66151667386514,0.0118110236220472,2.89335557831527,157.567229058495,FALSE,FALSE,FALSE,FALSE,FALSE,0,0
HMD,Heard-McDonald Is.,11,1279.58978683145,12.7970105403321,2.125,0,100.834454545455,0,0,0,0,0,0,0,0,0,0,0.933026393673927,0,0,,0,-0.769220738816038,1280.64684270953,FALSE,FALSE,FALSE,FALSE,FALSE,0,0
HON,Honduras,5990,80449.392357469,3300.26607721317,923.3197677563,147.267611376094,101.395231240429,0.347588991491593,0.169481704826703,0.451795602233225,0,0,0,0,0,0,0,0,0,0,9.50218316245598,0.24502382954864,3.11231630533461,-569.338547800218,FALSE,FALSE,FALSE,FALSE,FALSE,0,0
HBI,Howland-Baker Is.,11,1168.93460394792,5.73399176984366,0.375681725681726,0,91.7697272727273,0.219826698987885,0,0,0,0,0,0,0,0,0,0,0,0,,,,,FALSE,FALSE,FALSE,FALSE,FALSE,0,0
HUN,Hungary,2196,34713.9188088279,696.656471153456,187.487048021982,66.1941885499285,106.970828125,0,0,0,1,0,0,0,0,0,0,0,0,0,21.1773587426051,0.0537780803267529,5.19770396389541,15.2689487649674,FALSE,FALSE,FALSE,FALSE,FALSE,0,0
ICE,Iceland,711,11372.9320712086,111.11811963116,285.84459718456,6.79585297814075,114.127237026648,0,0,0,0,0,0.88279741693953,0,0,0,0,0,0,0,4.24032362482788,0,2.68624615305572,651.845425312548,FALSE,FALSE,FALSE,FALSE,FALSE,0,0
IDA,Idaho,2295,33119.1543077012,913.658780278669,311.750355403423,29.829162269179,109.748514692378,0,0,0,0,0.503618536152217,0,0,0.0332167547116033,0,0,0,0,0.463625467912042,9.72773234477692,0.142131979695431,4.61576377265466,238.597456402538,FALSE,FALSE,FALSE,FALSE,FALSE,0,0
ILL,Illinois,2113,36948.036897863,494.99182496041,90.7722462712141,0.149477270715853,101.780995189995,0,0,0,0.151405775901651,0,0,0,0.821659805150767,0,0,0,0,0,21.9404701092977,0.00625651720542232,5.45165190481367,181.837816190412,FALSE,FALSE,FALSE,FALSE,FALSE,0,0
IND,India,7278,89905.8415334644,7032.46506103675,3521.86385152655,2534.47389373375,99.2082313947078,0.346744273677365,0.360475580419838,0.000281575621665357,0.000288767866511269,6.85184999742904e-06,0,0.00290368248624187,0,0.00907177310407102,0,0,0,0.274249426602195,19.6252010279176,0.00619358781496803,3.81732872107712,325.872394427767,FALSE,FALSE,TRUE,FALSE,FALSE,0,0
INI,Indiana,1859,34608.924348897,446.399315578361,73.8305087827678,0.507112772500017,101.55669260274,0,0,0,0.880757012900641,0,0,0,0.112886444075255,0,0,0,0,0,23.7819267162793,0.0186335403726708,5.47119950527801,222.372339115875,FALSE,FALSE,FALSE,FALSE,FALSE,0,0
CHI,Inner Mongolia,2152,35294.6172996456,999.711751881165,329.431034844229,38.5786207762382,105.50754322154,0,0,0,0.0889868453709346,0.106716210323878,0.000276491310229031,0,0.381629612150549,0.00117614377207633,0.108246669722371,0,0,0.312967928844568,7.18752471830062,0.00385356454720617,6.61970838944329,51.5696576089251,FALSE,FALSE,FALSE,FALSE,FALSE,0,0
IOW,Iowa,1474,29572.939931285,344.123668953735,51.0522448909804,0,103.119051192146,0,0,0,0.0501550678193354,0,0,0,0.949841551638576,0,0,0,0,0,19.6345827087488,0.00319081046585833,5.68325805946374,121.961559622444,FALSE,FALSE,FALSE,FALSE,FALSE,0,0
IRN,Iran,7972,69183.818065022,4886.03531343656,3578.04649719955,1440.51161291314,113.116797287018,0,0,0,0.247771709737187,0.0389847434358902,0,0,0.0396169041086257,0.00446625085287727,0.0915518810592827,0,0,0.574355566297693,9.80387110057469,1.93270327206664e-05,5.18124620254419,88.935956319799,FALSE,FALSE,TRUE,FALSE,FALSE,0,0
IRQ,Iraq,3058,40258.5343293063,1448.08653699505,629.933810775459,82.1476876293315,110.842851889,0,0,0,0.069636236354959,0,0,0,0.0868756713465013,0.0649265416144299,0,0,0.00277800945376934,0.77578752300055,10.368824683658,0.000143616257360333,5.67545393098459,52.0517059832888,FALSE,FALSE,FALSE,FALSE,FALSE,0,0
IRE,Ireland,1193,22918.7573215901,598.526606457579,128.136820452839,6.44023600250437,106.139528271406,0,0,0,0.979461474933431,0,0,0,0,0,0,0,0,0,17.3769484280738,0.0491054434716407,3.32286580743526,259.592783351515,FALSE,FALSE,FALSE,FALSE,FALSE,0,0
IRK,Irkutsk,1632,28771.6573938279,513.334704264651,149.169921005168,6.78661188719727,105.933897196262,0,0,0,0,0.0380785402597498,0.855573859621146,0,0.0376649744816493,0,0.0186272519066846,0.0323273350705554,0,0,2.4753888932113,0.260157990682601,8.24697921394999,253.567742183002,FALSE,FALSE,FALSE,FALSE,FALSE,0,0
ITA,Italy,5364,54738.2072184891,1989.60600181842,1123.23555210536,238.786058109678,109.523302316821,0,0,0,0.235364150035217,0.209338643285664,0,0,0,0,0,0,0.549642058527155,0,23.5031775790009,0.0304670779302531,4.61274215551458,-32.2467817080232,FALSE,FALSE,FALSE,FALSE,FALSE,0,0
IVO,Ivory Coast,3602,54313.1384298445,1753.57126111007,438.98605814601,34.8140261004739,99.1223343627176,0.461336495854161,0,0,0,0,0,0.536613091551063,0,0,0,0,0,0,13.6751227729631,0.356467491958281,3.50761103915096,67.1277669840338,FALSE,FALSE,FALSE,FALSE,FALSE,0,0
JAM,Jamaica,2494,46031.792592128,1910.11455293974,902.445662729797,497.745963617996,101.095871980676,0.741973986540256,0.204345082204002,0,0,0,0,0,0,0,0,0,0,0,19.7625502870706,0.101063829787234,2.88833886777445,-634.484372528397,FALSE,FALSE,FALSE,FALSE,FALSE,0,0
JAP,Japan,4152,60895.4346246697,4532.91076326317,1751.19376963348,1687.25715341201,94.6330205242334,0.00539795744311185,0,0,0.827248710183934,0.154245228676665,0,0,0,0,0,0,0,0,19.6224159040479,0.0540426608211787,4.96127544380277,615.193562347159,FALSE,FALSE,TRUE,FALSE,FALSE,0,0
JAW,Jawa,4807,75059.8202791498,3849.49521473784,1451.42749315722,587.484850028342,94.7034127748691,0.985969412337997,0,0,0,0,0,0,0,0,0,0,0,0,23.1727224359988,0.062213648420545,1.53204442860374,334.040781342619,FALSE,FALSE,FALSE,FALSE,FALSE,0,0
JNF,Juan Fernández Is.,185,7250.60447312485,289.314114932766,108.400053836619,129.257387058323,101.192101010101,0,0,0,0.717914384633613,0,0,0,0,0,0,0,0,0,,,2.21651558078357,-43.3401731129472,FALSE,FALSE,FALSE,FALSE,FALSE,0,0
KAM,Kamchatka,1052,20457.1448085498,358.76681702932,128.952162984011,10.1654022968545,100.72228388998,0,0,0,0,0,0.328251815222556,0,0,0,0,0.657074944910122,0,0,1.37029468929399,0.0407614179054281,6.45415148227888,442.585941359055,FALSE,FALSE,FALSE,FALSE,FALSE,0,0
KAN,Kansas,1656,31049.5769771953,453.52863855351,92.9434038787267,0.415331014183749,107.114718380062,0,0,0,1.74319297014238e-05,0,0,0,0.99998561763512,0,0,0,0,0,15.1490395611281,0.00241691842900302,4.5796294555585,82.1898666364871,FALSE,FALSE,FALSE,FALSE,FALSE,0,0
KAZ,Kazakhstan,5194,52634.4968322252,2258.61195353365,1263.86011575788,263.206090012532,111.190832685581,0,0,0,0,0.00537789273080603,0,0,0.402615851891474,0,0.0152140269035154,0,0,0.563032087533795,7.36129809335644,0.00058654399079931,6.38384173077954,25.0915923997573,FALSE,FALSE,FALSE,FALSE,FALSE,0,0
KTY,Kentucky,1975,35608.5023165702,538.489405545265,100.279053011197,0.114587245095164,103.154414395887,0,0,0,1.00000040222878,0,0,0,0,0,0,0,0,0,16.7787280184133,0.0733173076923077,5.1058598876253,216.126781156411,FALSE,FALSE,FALSE,FALSE,FALSE,0,0
KEN,Kenya,6074,72649.3588420397,3301.52080821018,1397.40709167871,302.99945705912,105.825731295925,0.130749033850805,0,0,0,0,0,0.678056598641911,0,0.000275804586409052,0.00296930386363917,0,0,0.164197225847118,9.68527455545355,0.0291345791372718,3.67622370986277,187.907827058956,FALSE,FALSE,FALSE,FALSE,FALSE,0,0
KEG,Kerguelen,24,1829.93302426935,21.586631352907,5.09627594627595,0.565429598835331,93.6418333333333,0,0,0,0,0,0,0,0,0,0,0.903445346926589,0,0,,0,1.31728293959981,1416.54984723733,FALSE,FALSE,FALSE,FALSE,FALSE,0,0
KER,Kermadec Is.,79,4606.95371849695,92.9421004466102,24.8770596610052,11.5088592661144,98.4092133333333,0.398740697900369,0,0,0,0,0,0,0,0,0,0,0,0,,0,1.21297748114477,169.858592437416,FALSE,FALSE,FALSE,FALSE,FALSE,0,0
KHA,Khabarovsk,1764,32058.2234564256,737.060580168975,209.717296963801,27.7798467257629,102.222667635096,0,0,0,0.122945070977774,0,0.75677200473109,0,0,0.0308565858092339,0,0.0856089398658878,0,0,1.51761803661529,0.0989358861894046,7.51575548300793,235.088838981346,FALSE,FALSE,FALSE,FALSE,FALSE,0,0
KGZ,Kirgizistan,3848,44123.2551719756,1946.01218395611,993.203376115788,245.652977914083,112.227291448059,0,0,0,0,0.0509946953265559,0,0,0.487919209912708,0,0.408843261032748,0,0,0.0189306983637734,8.09907291366101,0,4.09431638506373,398.306907773279,FALSE,FALSE,FALSE,FALSE,FALSE,0,0
KOR,Korea,2858,48029.4971885305,1935.60075693373,601.370380684303,210.214359674863,96.6090800858062,0,0,0,0.986227491414324,0,0,0,0,0,0,0,0,0,17.9951424369378,0.0422934998580755,6.28746841440483,212.951195102957,FALSE,FALSE,FALSE,FALSE,FALSE,0,0
KRA,Krasnoyarsk,2056,31630.3078363307,683.263585167531,244.660482880711,53.9191886589188,106.972143495531,0,0,0,0.00398855061223668,0.0293528621252967,0.545635080202775,0,0.038671417022533,0,0.00404306410120141,0.372721279879549,0,0,1.33826710966522,0.120768374164811,8.19883650985002,292.59923091198,FALSE,FALSE,FALSE,FALSE,FALSE,0,0
KRI,Kriti,1849,30537.2608085595,854.380625837574,340.343236246905,146.375399822117,107.397029900332,0,0,0,0,0,0,0,0,0,0,0,0.942595217605178,0,17.7058841951559,0.0152671755725191,2.35036847780829,27.1800261857782,FALSE,FALSE,FALSE,FALSE,FALSE,0,0
KRY,Krym,2148,33522.2759467517,680.111001422225,245.54456597856,35.7398868279218,110.464363981043,0,0,0,0.294611048448951,0,0,0,0.691656386727986,0,0,0,0,0,18.6559604973678,0.00123762376237624,4.3310916327253,13.7285056948156,FALSE,FALSE,FALSE,FALSE,FALSE,0,0
KUR,Kuril Is.,1051,24134.1927794908,559.648496487487,149.822317636976,10.6965899080461,96.6862766169154,0,0,0,0.389621625699669,0,0.421342702102615,0,0,0,0,0,0,0,4.12493910463996,0.00940438871473354,3.78179982076203,713.950275802478,FALSE,FALSE,FALSE,FALSE,FALSE,0,0
KUW,Kuwait,356,10408.0938777728,157.555057584019,22.6228588411636,0.00200768112906091,102.6548,0,0,0,0,0,0,0,0,0,0,0,0,0.990731402658184,14.3580295327914,0,4.91719111880036,21.667276981775,FALSE,FALSE,FALSE,FALSE,FALSE,0,0
NAT,KwaZulu-Natal,4857,59779.8934189828,3334.64537045889,1374.76283413697,253.535979460928,105.107970857619,0.210578892300368,0,0,0,0,0,0.000843446010414053,0,0,0.7801865095087,0,0,0,13.6139844327006,0.157645466847091,3.13749320636404,-36.4136923709694,FALSE,FALSE,FALSE,FALSE,FALSE,0,0
LAB,Labrador,644,15302.7457423327,157.608110448659,24.8640735622658,0,97.3243754266212,0,0,0,0,0,0.924856102174288,0,0,0,0,0.0630858281384748,0,0,0.462343183223369,0.0320667691631891,6.34261679045139,461.11933252735,FALSE,FALSE,FALSE,FALSE,FALSE,0,0
LDV,Laccadive Is.,179,8179.93864874196,88.8479269031951,10.2000145598394,0,103.219389830508,0.738146553061165,0,0,0,0,0,0,0,0,0,0,0,0,,,2.80180132177814,112.387841951394,FALSE,FALSE,FALSE,FALSE,FALSE,0,0
LAO,Laos,4697,75177.2474148647,4363.04319334382,1005.42466084267,736.908526665797,95.6950380540541,0.820091939429934,0.179908096468067,0,0,0,0,0,0,0,0,0,0,0,7.4654563563515,0.4120946777945,2.57189063159556,450.710459191701,FALSE,FALSE,FALSE,FALSE,FALSE,0,0
LBS,Lebanon-Syria,3819,47544.7823662911,1925.28631531304,847.908880880072,184.695566857114,110.059428647497,0,0,0,0,0,0,0,0.412252920546957,0,0,0,0.312679771900802,0.273784973835181,13.4420147763816,0.00602600697748176,4.9406782891928,3.90461878928898,FALSE,FALSE,FALSE,FALSE,FALSE,0,0
LEE,Leeward Is. AB Ant,1762,39049.4322842049,1034.26600860515,268.021287538724,41.8516282391416,100.183421022727,0.276296969445622,0.0417936136300316,0,0,0,0,0,0,0,0,0,0,0.440218601807836,24.2880462087231,0.0510204081632653,1.84012615227264,-1802.6891137246,FALSE,FALSE,FALSE,FALSE,FALSE,0,0
LES,Lesotho,1554,26467.1639393713,1065.18976738617,325.637970755781,14.0823256776889,105.168535202086,0,0,0,0,0,0,0,0,0,1.00000225848961,0,0,0,15.4174282621917,0,2.76325521113106,174.273560755399,FALSE,FALSE,FALSE,FALSE,FALSE,0,0
LSI,Lesser Sunda Is.,2668,55347.7554961834,2003.81690082535,647.616844153443,163.08601991875,95.3863295625943,0.183847946680355,0.763010970607797,0,0,0,0,0,0,0,0,0,0,0,13.3664939767785,0.058252427184466,2.52138947356058,-113.151651529506,FALSE,FALSE,FALSE,FALSE,FALSE,0,0
LBR,Liberia,2542,44671.9263233035,1505.08794835575,376.200597900207,57.1787470665087,97.3259646825397,0.982378642623285,0,0,0,0,0,0.00124927553457594,0,0,0,0,0,0,13.0644967985374,0.456282383419689,2.92126771914117,34.4889341324142,FALSE,FALSE,FALSE,FALSE,FALSE,0,0
LBY,Libya,1785,29930.5433704865,708.219374345312,237.894064030236,45.5757155321131,105.783801605505,0,0,0,0,0,0,0,0,0.00135994933633487,0,0,0.0393290111506178,0.958848609499884,2.54270158417007,0,4.09463048924718,-14.9988165332077,FALSE,FALSE,FALSE,FALSE,FALSE,0,0
LIN,Line Is.,45,3276.65690577363,31.3437376623712,3.79491902776635,0.484230866358374,91.2677878787879,0.0318924908882352,0,0,0,0,0,0,0,0,0,0,0,0,10.3799204824176,0,2.19239383623317,-63.9522716703866,FALSE,FALSE,FALSE,FALSE,FALSE,0,0
LOU,Louisiana,2211,38631.1730396091,662.857791993454,158.342340289959,0,102.729428834638,0,0,0,0.349453511862734,0.422869211701688,0,0.214986259475702,0,0,0,0,0,0,14.4250870714904,0.27152489626556,3.58748259373461,388.334604908688,FALSE,FALSE,FALSE,FALSE,FALSE,0,0
MAQ,Macquarie Is.,41,2416.88839380839,43.7502185362994,11.1897838272838,6.57325121046162,91.3384,0,0,0,0,0,0,0,0,0,0,0.907443255381993,0,0,,0,1.9267178510691,-35.8639917943383,FALSE,FALSE,FALSE,FALSE,FALSE,0,0
MDG,Madagascar,10720,89041.6529935354,14824.9642698232,9292.63659750441,9482.2099172256,98.4642329317269,0.523271981724523,0.253750390161518,0,0,0,0,0,0,0,0.00214751371848569,0,0,0.206275047964885,9.13344733368641,0.179845453583148,3.32228890960385,183.338369567397,TRUE,TRUE,TRUE,TRUE,TRUE,0,0
MDR,Madeira,725,17558.7420151963,469.930207107256,166.262096631067,115.791785795086,109.608337094499,0,0,0,0.939517318766672,0,0,0,0,0,0,0,0,0,21.4257491599469,0,1.68383769372774,1026.34429592075,FALSE,FALSE,FALSE,FALSE,FALSE,0,0
MAG,Magadan,1183,20387.6275525371,451.432112316574,198.74317702223,32.233386371884,105.352128182616,0,0,0,0,0,0.353789011686018,0,0,0,0,0.640003195804771,0,0,1.05788513580282,0.0495348523661858,8.71852484448751,327.287257938433,FALSE,FALSE,FALSE,FALSE,FALSE,0,0
MAI,Maine,1460,29874.0711442517,347.272257581233,50.2309018972351,0.175065632729691,97.3208946629214,0,0,0,0.99104908936219,0,0.000265751680238184,0,0,0,0,0,0,0,10.5394895831452,0.307260479041916,6.23757160085241,174.725334277339,FALSE,FALSE,FALSE,FALSE,FALSE,0,0
MLW,Malawi,4497,60824.1509845738,2135.74116645304,728.233968052373,90.3856046870744,104.894420372051,0.000573385513127627,0,0,0,0,0,0.601239698016558,0,0.0385819919335239,0.174078432098618,0,0,0,16.3956751786542,0.0695073235685752,3.54467422999916,185.327709429398,FALSE,FALSE,FALSE,FALSE,FALSE,0,0
MLY,Malaya,8095,93076.2479901617,8618.72133507235,3348.36120689662,1979.76364742183,89.8319242368063,0.987958948397574,0,0,0,0,0,0,0,0,0,0,0,0,13.818446418998,0.606197854588796,2.96858122215321,14.8254439211319,FALSE,FALSE,FALSE,FALSE,FALSE,0,0
MDV,Maldives,157,8082.23434912313,67.4106558584065,5.90222378759441,0,100.335873417722,0.883338153723844,0,0,0,0,0,0,0,0,0,0,0,0,,0,2.55209303236197,-574.184824902724,FALSE,FALSE,FALSE,FALSE,FALSE,0,0
MLI,Mali,1817,35315.1883419746,673.294489540539,128.890287069098,30.1107483181186,102.510106823266,0,0,0,0,0,0,0.545487218285815,0,0.0366275538785505,0,0,0,0.417885139681392,5.78593061409959,0.00905747241474216,4.66656814523646,0.0686148050208999,FALSE,FALSE,FALSE,FALSE,FALSE,0,0
MOL,Maluku,2613,51318.8213905497,2511.35440325026,919.864631146949,304.398174354432,90.4903217324053,0.951796599234988,0,0,0,0,0,0,0,0,0,0,0,0,7.35294837676594,0.100052659294365,2.19452807616174,1177.55647423138,FALSE,FALSE,FALSE,FALSE,FALSE,0,0
CHM,Manchuria,2344,39607.8954705628,1186.71464495685,344.331032962886,62.5988809703926,100.394772845953,0,0,0,0.723835766650306,0.0603695141782623,0,0,0.100834344491272,0.11415315663897,0,0,0,0,13.5701178398231,0.0190582069403637,7.12129489668517,114.393653631316,FALSE,FALSE,FALSE,FALSE,FALSE,0,0
MAN,Manitoba,1259,25150.202058064,298.963380869063,44.8357874562091,0,100.312726594863,0,0,0,0.0225899264089332,0,0.758017716374144,0,0.168309654526691,0,0,0.00213204107067728,0,0,3.24843995592078,0.0795356423294637,7.75622079366281,65.4909251680363,FALSE,FALSE,FALSE,FALSE,FALSE,0,0
MCS,Marcus I.,10,1076.51067885256,4.79089527781338,0.210258778178687,0,86.4054,0,0,0,0,0,0,0,0,0,0,0,0,0,,,2.19416618347174,-402.656681315104,FALSE,FALSE,FALSE,FALSE,FALSE,0,0
MRN,Marianas,388,14616.1276721784,250.125464248069,89.9890881995913,27.344169075255,94.3159201277955,0,0.741404904223337,0,0,0,0,0,0,0,0,0,0,0,18.5393570879984,0,1.77045956055103,-4786.09288769037,FALSE,FALSE,FALSE,FALSE,FALSE,0,0
MPE,Marion-Prince Edward Is.,16,1647.01778960131,12.2845563507074,3.13435772632664,0.0260819777822866,91.6191875,0,0,0,0,0,0,0,0,0,0,0.96117379735589,0,0,,0,2.4618992242799,1410.29355742069,FALSE,FALSE,FALSE,FALSE,FALSE,0,0
MRQ,Marquesas,242,9645.37034952886,259.914172627055,137.909269305366,60.3121678216793,103.260534562212,0.837936051451001,0,0,0,0,0,0,0,0,0,0,0,0,7.64274733368267,0,1.1937580806742,260.482709406623,FALSE,FALSE,FALSE,FALSE,FALSE,0,0
MRS,Marshall Is.,113,6899.42539598647,64.7788342978122,5.58577329292864,0,91.0168428571429,0.168845641998057,0,0,0,0,0,0,0,0,0,0,0,0,,,2.16262860678459,54.0962902607362,FALSE,FALSE,FALSE,FALSE,FALSE,0,0
MRY,Maryland,1884,35008.1001210234,492.914276393228,77.9712973318306,0,99.6441170442287,0,0,0,0.624223545176368,0.321550905350048,0,0,0,0,0,0,0,0,24.073074985682,0.059973924380704,4.40432873464691,133.520726718664,FALSE,FALSE,FALSE,FALSE,FALSE,0,0
MAS,Massachusetts,1656,31578.3043515857,392.58566576943,60.8040386309825,0.106889903010422,98.3791414514145,0,0,0,0.902756545714183,0.0748540724483771,0,0,0,0,0,0,0,0,24.7884396497823,0.063768115942029,5.17458057968247,159.343459480982,FALSE,FALSE,FALSE,FALSE,FALSE,0,0
MTN,Mauritania,994,23032.5561095978,363.453768516078,62.6430286513667,0.741285651637868,99.483386036961,0,0,0,0,0,0,0.360139231185504,0,0.00535233564716901,0,0,0,0.633843476983603,2.12748302071966,9.06837555165951e-05,3.53209552331393,-2.11160764874772,FALSE,FALSE,FALSE,FALSE,FALSE,0,0
MAU,Mauritius,775,21206.0678014164,973.384803656798,345.924953265853,289.433169353,93.6421914893617,0.778117062468366,0,0,0,0,0,0,0,0,0,0,0,0,25.466384089116,0.0615384615384615,1.97946775566852,-189.146954803749,FALSE,FALSE,FALSE,FALSE,FALSE,0,0
MXI,Mexican Pacific Is.,239,10954.2697784835,233.191604431038,85.6978959059894,30.9173588953616,104.108521186441,0,0.384391100534674,0,0,0,0,0,0,0,0,0,0.515885919179231,0,,0,4.94458274841312,11.1506269650698,FALSE,FALSE,FALSE,FALSE,FALSE,0,0
MXC,Mexico Central,6987,80284.0946432868,4045.24285990352,1676.09723456721,170.387617495825,108.460958369723,0.0813458162076267,0.223710687291969,0.458961829236297,0,0,0,0,0,0,0,0,0,0.235983935544242,19.4648031273064,0.0131826741996234,2.48808516015846,-71.0047283016396,FALSE,FALSE,FALSE,FALSE,FALSE,0,0
MXG,Mexico Gulf,7228,89339.3970806153,4090.89446190585,1386.17053213004,208.27833780966,105.129214763231,0.81102269009769,0.092609867366804,0.0339288549505722,0,0,0,0,0,0,0,0,0,0.00354892626329509,16.4600335920969,0.13030035335689,3.33442991497691,-143.234469730142,FALSE,FALSE,FALSE,FALSE,FALSE,0,0
MXE,Mexico Northeast,10639,94501.5095457533,6657.53289092384,3892.53259605369,1423.17717191308,111.025958447965,0.0508216533847257,0.032087409065586,0.270262342074314,0,0,0,0.00407786182219083,0,0,0,0,0,0.639265570219626,7.75677054867853,0.0121564100714234,3.28147628328264,93.6264933374061,FALSE,FALSE,TRUE,FALSE,FALSE,0,0
MXN,Mexico Northwest,6567,71045.5009858186,4462.21227174831,2112.52954671443,774.630388489108,112.411489938081,0,0.254826190617539,0.0956071869692934,0,0.0104424614796187,0,0,0,0,0,0,0.0300564516010524,0.589502611060523,5.86381562720741,0.00940156965336821,3.80841538306781,3.61078513076978,FALSE,FALSE,FALSE,FALSE,FALSE,0,0
MXT,Mexico Southeast,8426,94793.8560655117,4906.47356089598,1842.16584473012,428.006677110167,104.250423619412,0.588264578946113,0.286454317137279,0.0673636318143212,0,0,0,0,0,0,0,0,0,0,8.27606398508904,0.235021208907741,3.04303315867035,-165.056580331949,FALSE,FALSE,FALSE,FALSE,FALSE,0,0
MXS,Mexico Southwest,13133,111443.613297018,8547.58072896365,4991.07580973697,1754.16066157892,107.662801529052,0.0659253000040467,0.474017782243117,0.425516714416975,0,0,0,0,0,0,0,0,0,0.0246765269011423,9.47608926030503,0.0412263162905836,2.66016607141827,30.6188982530555,TRUE,TRUE,TRUE,TRUE,FALSE,1,0
MIC,Michigan,1797,33144.3866081265,411.303757587994,69.4079231349707,1.77991607071931,99.6827217142857,0,0,0,0.598943968716299,0,0,0,0.000947023253722679,0,0,0,0,0,17.6702779664931,0.0592741429109632,6.12752990892877,93.1223828285922,FALSE,FALSE,FALSE,FALSE,FALSE,0,0
MIN,Minnesota,1703,31951.8520028521,387.088176317074,58.8473581109605,1.37783811606609,99.3972485696122,0,0,0,0.613883419110166,0,0,0,0.357022015534405,0,0,0,0,0,15.3341803219112,0.0581314878892734,6.35240280260282,51.1131175546312,FALSE,FALSE,FALSE,FALSE,FALSE,0,0
MSI,Mississippi,2175,37902.5671759576,675.318290989644,143.283712803844,0,101.858624176858,0,0,0,0.809468679143453,0.188513891402478,0,0.000649218493423709,0,0,0,0,0,0,14.7845104298462,0.393029763418977,4.21639786618219,373.668334742334,FALSE,FALSE,FALSE,FALSE,FALSE,0,0
MSO,Missouri,1968,34467.4593985434,497.702972980373,103.239211950945,1.6083605753805,104.117812792512,0,0,0,0.447141849628104,0,0,0,0.5528582023333,0,0,0,0,0,16.0097392860308,0.0428521250439059,4.92901956546271,245.437087991692,FALSE,FALSE,FALSE,FALSE,FALSE,0,0
MON,Mongolia,2868,38626.3255273129,1125.51549840525,469.40708997635,58.7114784484375,110.19969339456,0,0,0,0,0.0842835153555225,0.0243496327158133,0,0.387527897656133,0,0.0537019939492128,0,0,0.450136952003579,4.5920630608991,0.00838650134424782,6.75683730493886,13.5667025710485,FALSE,FALSE,FALSE,FALSE,FALSE,0,0
MNT,Montana,2116,32349.2905886835,702.653342197335,202.788789050171,11.66788432562,108.012126795443,0,0,0,0,0.259427865822824,0,0,0.737553911767771,0,0,0,0,0.00301794198637999,10.0290995202968,0.0822883370215556,5.08809279608838,107.567579179019,FALSE,FALSE,FALSE,FALSE,FALSE,0,0
MOR,Morocco,4001,47138.6050815019,2240.62277337406,1170.97312560427,459.877933250451,109.581341884684,0,0,0,0,0.0271271842064337,0,0,0,0,0.0156940195765514,0,0.757464300770464,0.19838358399778,11.3007048712845,0.00863275781614559,4.28883899826469,-53.4714241129268,FALSE,FALSE,FALSE,FALSE,FALSE,0,0
MOZ,Mozambique,5149,66872.3066945453,2753.60622983618,1002.8908296535,167.358246048471,106.141395538737,0.182224176495561,0,0,0,0,0,0.756879017292933,0,0.037232545333419,0.00287478564604141,0,0,0,9.29191632762251,0.156561627443159,3.24566083639054,23.9506276202962,FALSE,FALSE,FALSE,FALSE,FALSE,0,0
MCI,Mozambique Channel Is.,68,4531.1529142045,36.7328212490274,5.5654629266245,0,90.3575507246377,0,0,0,0,0,0,0,0,0,0,0,0,0,,,1.9661796781752,-297.464271375868,FALSE,FALSE,FALSE,FALSE,FALSE,0,0
MYA,Myanmar,8622,106775.401667979,6475.25630529048,2294.48560533839,601.598079449146,96.4655479995334,0.888876046403289,0.0523924786798349,0.000288635189168198,0.0163410140624552,0.00699500172379272,0,0,0,0,0.00808837597769059,0,0,0,9.70580998284,0.185646472717018,3.67342521756299,638.791820861976,FALSE,FALSE,FALSE,FALSE,FALSE,0,0
NAM,Namibia,3736,46015.0917651399,3163.85482186978,1384.23974561823,472.420329207251,104.483270844687,0,0,0,0,0,0,0.279583952330396,0,0.00895825720290099,0,0,0,0.710745636067992,4.79363166621169,0.000350439996884978,5.11355299835698,22.1166212430374,FALSE,FALSE,FALSE,FALSE,FALSE,0,0
NNS,Nansei-shoto,1396,35293.5585222334,1147.67620011123,301.562848551997,133.215770503689,92.8461363636364,0.854007200284963,0,0,0,0,0,0,0,0,0,0,0,0,23.9854664723159,0.0178571428571429,3.84623201703158,212.569570094051,FALSE,FALSE,FALSE,FALSE,FALSE,0,0
NRU,Nauru,54,3800.19007254058,24.0950775769811,1.76731551812273,0,100.58352,0,0,0,0,0,0,0,0,0,0,0,0,0,,,2.68265931372552,571.058647365196,FALSE,FALSE,FALSE,FALSE,FALSE,0,0
NEB,Nebraska,1398,27480.5988703617,339.625281646588,61.8723701222132,0,105.885339791356,0,0,0,0,0,0,0,0.999999212306497,0,0,0,0,0,13.7684528060149,0.00280112044817927,5.21076518596571,87.9273666792994,FALSE,FALSE,FALSE,FALSE,FALSE,0,0
NEP,Nepal,5518,78800.037502873,3576.32977365656,1197.88041175228,249.12062457926,100.134906734806,0.194697066376818,0,0.154874601978883,0.136679885415598,0.115375599471776,0,0.153954288230472,0,0,0.199975348317385,0,0,0,11.2382420455581,0.0116500741368354,4.43530223074957,1471.7644676703,FALSE,FALSE,FALSE,FALSE,FALSE,0,0
NET,Netherlands,1615,28186.6892395983,836.678896146933,173.69413440866,64.6130134358814,107.702700121655,0,0,0,0.978944856789895,0,0,0,0,0,0,0,0,0,29.8035146066073,0.0268630849220104,3.93027196372936,156.476447934116,FALSE,FALSE,FALSE,FALSE,FALSE,0,0
NLA,Netherlands Antilles,475,15695.8193181715,239.483842138728,42.9003721993299,7.66042593269966,101.351765690377,0,0,0,0,0,0,0,0,0,0,0,0,0.505452677274861,22.4690482028119,0,0.295023368254455,-116.695786144986,FALSE,FALSE,FALSE,FALSE,FALSE,0,0
NEV,Nevada,2754,36040.5240171235,1488.65369966484,544.238850241789,74.9986622984104,111.451734478719,0,0,0,0,0.0224001658883336,0,0,0,0,0,0,0,0.977588476140834,7.55850281970979,0.011544804837823,5.210735022422,3.0432747193928,FALSE,FALSE,FALSE,FALSE,FALSE,0,0
NBR,New Brunswick,1009,23763.5887672299,247.510040960412,32.1956988867564,0,95.4338414006179,0,0,0,0.886865553000727,0,0.101731054606933,0,0,0,0,0,0,0,8.37501372943282,0.415465268676278,6.00569290600775,159.63055983858,FALSE,FALSE,FALSE,FALSE,FALSE,0,0
NWC,New Caledonia,2992,42705.5362506064,6329.56078464549,2501.93816793675,3894.75982552651,92.6759816605535,0.737031567147015,0.216321393574643,0,0,0,0,0,0,0,0,0,0,0,7.6839878552705,0.0180032733224223,2.60341446043973,512.908213585439,FALSE,FALSE,FALSE,FALSE,TRUE,0,0
NWG,New Guinea,12042,103368.967068389,13679.2055216772,9246.11086474221,5874.31039024309,87.4167600166597,0.907336654701636,0,0,0,0,0,0.0323869227393596,0,0,0.0189885093108511,0,0,0,3.95105790048067,0.0720934686841601,1.23806422859806,1159.31250088258,TRUE,TRUE,TRUE,TRUE,TRUE,0,0
NWH,New Hampshire,1373,28774.2708679753,325.236373042884,42.8629745027891,0,96.046177877429,0,0,0,0.997655631163819,0,0,0,0,0,0,0,0,0,15.2833417198594,0.111528822055138,5.68718057839617,198.518567641633,FALSE,FALSE,FALSE,FALSE,FALSE,0,0
NWJ,New Jersey,1798,34353.5357927106,451.364896515644,69.9468092110011,0.226138885653835,98.0001568848759,0,0,0,0.694337731745148,0.283717141789657,0,0,0,0,0,0,0,0,28.3107461955317,0.0504731861198738,5.54467964260678,88.9678428345208,FALSE,FALSE,FALSE,FALSE,FALSE,0,0
NWM,New Mexico,3356,42982.2523836666,1422.81781685502,550.23602057967,48.4505798795206,110.957670807453,0,0,0.00166477434154022,0,0.228540525248239,0,0,0.213904881265336,0,0,0,0,0.555893242507187,10.0860584001884,0.0173257635082224,4.68452547880571,50.6544052655894,FALSE,FALSE,FALSE,FALSE,FALSE,0,0
NSW,New South Wales,5636,65077.6052607771,8911.60055792278,2595.42619415736,2130.9424971352,98.883199749866,0,0,0,0.356965981640483,0,0,5.85616673378271e-05,0.439511788487153,0,0.00579420105011038,0,0.104956843031388,0.0911342050069472,8.05811188549337,0.0861643352533208,3.46094375381744,-26.2569302425248,FALSE,FALSE,FALSE,FALSE,FALSE,0,0
NWY,New York,2107,36468.747893843,494.862967581517,87.0649421416387,0.68105452043152,98.7797924891671,0,0,0,0.904453925461441,0.0093699896171504,0,0,0,0,0,0,0,0,17.4012491283856,0.0283671586715867,5.67381008440411,232.502798529121,FALSE,FALSE,FALSE,FALSE,FALSE,0,0
NZN,New Zealand North,1235,21986.1559339375,1721.19883450105,627.297700632958,242.677814962054,93.3564906122449,0,0,0,0.985147002660752,0,0,0,0,0,0,0,0,0,9.51209572449728,0.172054794520548,3.16336566649737,70.7349249753902,FALSE,FALSE,FALSE,FALSE,FALSE,0,0
NZS,New Zealand South,1674,22497.1490611863,2103.88501574841,1092.39201323555,590.35605979155,102.908337132574,0,0,0,0.369164164301349,0,0,0,0.349030186224673,0,0.26162851853764,0,0,0,6.99227811220032,0.0583745874587459,2.69569573971416,237.527156406387,FALSE,FALSE,FALSE,FALSE,FALSE,0,0
NFL,Newfoundland,855,19557.5692762068,204.158145237935,35.6074116713492,0.600581860325341,96.2214963592233,0,0,0,0,0,0.957667170144908,0,0,0,0,0,0,0,3.60221980841445,0.0542832909245123,5.04921350933545,373.146109065581,FALSE,FALSE,FALSE,FALSE,FALSE,0,0
NIC,Nicaragua,5247,75758.7527108397,2988.1049017715,704.003270931008,46.2019464657468,101.267733576642,0.535516820406588,0.189449013408517,0.174018839964677,0,0,0,0,0,0,0,0,0,0,10.6422053332218,0.269221321542619,3.85126998922423,-760.945109615051,FALSE,FALSE,FALSE,FALSE,FALSE,0,0
NCB,Nicobar Is.,1160,31333.1926405317,904.22773940196,173.70191565659,48.9315139648163,93.577999129678,0.820980560773079,0,0,0,0,0,0,0,0,0,0,0,0,6.02686106583192,0,2.38978333417001,4.77903045346511,FALSE,FALSE,FALSE,FALSE,FALSE,0,0
NGR,Niger,1057,24044.1839188846,356.402158396481,52.5356020656186,0.559103300469588,98.3937531340405,0,0,0,0,0,0,0.465787683962576,0,0.00259911366904599,0,0,0,0.530867547699206,4.24411127844903,0,4.14170697340415,32.5847302804284,FALSE,FALSE,FALSE,FALSE,FALSE,0,0
NGA,Nigeria,4572,64409.7972096828,2185.52397681421,574.391356826625,55.9569672078892,100.352780573951,0.139115312527271,0,0,0,0,0,0.817850741230548,0,0.00578178737232137,0.014617074697141,0,0,0,16.3383769071778,0.0727723795741162,3.73361602699043,327.371214492473,FALSE,FALSE,FALSE,FALSE,FALSE,0,0
NUE,Niue,188,8720.64996578903,114.757503838893,22.4959256398722,0.757411723678523,97.9916497175141,0.925702764041058,0,0,0,0,0,0,0,0,0,0,0,0,9.69860433331496,0,2.43600535566404,652.779941214767,FALSE,FALSE,FALSE,FALSE,FALSE,0,0
NFK,Norfolk Is.,269,11817.4610020501,376.998682845712,123.427866726566,93.6344835420537,93.7300381679389,0.816387209492059,0,0,0,0,0,0,0,0,0,0,0,0,6.33158430457115,,2.9512532179918,-258.705063436865,FALSE,FALSE,FALSE,FALSE,FALSE,0,0
NCA,North Carolina,2708,42483.2801119617,887.359452110297,222.673786152689,7.40545599629424,101.615527143392,0,0,0,0.560821492633365,0.428406388092932,0,0,0,0,0,0,0,0,19.5666600507787,0.355032548823235,4.56629406481783,209.561217466616,FALSE,FALSE,FALSE,FALSE,FALSE,0,0
NCS,North Caucasus,3955,48407.4900364302,1966.16376313898,892.835594806946,295.144666679026,108.436198970399,0,0,0,0.31633339046807,0,0,0,0.675215896582018,0,0,0,0,0.00652570050362043,14.5644457430184,0.00298099614954664,5.3044000143885,109.898581837285,FALSE,FALSE,FALSE,FALSE,FALSE,0,0
NDA,North Dakota,1077,23654.4613352915,262.255760730144,41.7751659087736,0.00779274019335899,104.668575462512,0,0,0,0,0,0,0,1.00001035992051,0,0,0,0,0,16.0516763020189,0.00117548278757347,6.51403831105054,6.28486668611265,FALSE,FALSE,FALSE,FALSE,FALSE,0,0
RUN,North European Russia,1756,24490.9121398599,330.121381915305,297.153258599729,10.0687960403286,110.540257672264,0,0,0,8.55278246924873e-05,0,0.730997353670834,0,0,0,0,0.246488806140827,0,0,3.26698713961475,0.0925962749386889,7.66046789688505,288.449710636772,FALSE,FALSE,FALSE,FALSE,FALSE,0,0
TVL,Northern Provinces,5100,61302.7342107736,3018.84297897724,1369.79207454976,358.991643270632,106.147457142857,0,0,0,0,0,0,0.502845436330441,0,0,0.331686367457896,0,0,0.165468466294834,11.2128618798088,0.0464052287581699,3.92653222234916,58.8920867757961,FALSE,FALSE,FALSE,FALSE,FALSE,0,0
NTA,Northern Territory,3943,52743.6120791976,4455.96162032235,1589.56292914081,728.078154150773,100.163565731927,0,0,0,0,0,0,0.469470225581287,0,0,0,0,0,0.527454823157859,1.36252955622736,0.000628652587953154,4.09607229910624,70.1303831387477,FALSE,FALSE,FALSE,FALSE,FALSE,0,0
RUW,Northwest European Russia,1445,24133.275124999,275.557897603984,90.4800175698321,0.85449207574866,107.84058839972,0,0,0,0.45442293356869,0,0.494407933481522,0,0,0,0,0,0,0,9.48315253181878,0.160167579761521,5.91794715409241,147.793790716113,FALSE,FALSE,FALSE,FALSE,FALSE,0,0
NWT,Northwest Territories,970,18940.7567613977,258.823575778788,58.1439964403994,0.419222212984047,102.311215065502,0,0,0,0,0,0.0951754431011488,0,0,0,0,0.897821508087107,0,0,0.249864390293425,9.01577761081893e-05,13.828771285373,268.547717873372,FALSE,FALSE,FALSE,FALSE,FALSE,0,0
NOR,Norway,1762,25203.8358496616,372.445201143738,279.709943650906,16.3759549298108,111.635932155074,0,0,0,0.0281750375608332,0.0475048991864625,0.301762397144856,0,0,0,0,0.57880459643928,0,0,7.7335454098648,0.0567126234477364,4.97532892950814,675.515735649986,FALSE,FALSE,FALSE,FALSE,FALSE,0,0
NSC,Nova Scotia,990,23936.0431987385,268.221379962517,33.2690325845221,0,95.1133114583333,0,0,0,0.929329632871312,0,0.0415085928666065,0,0,0,0,0,0,0,10.1365837377574,0.297775242441529,5.30018214936578,240.663744067083,FALSE,FALSE,FALSE,FALSE,FALSE,0,0
NUN,Nunavut,583,13238.8344349477,158.882235076426,32.2519911519151,0,101.84943705036,0,0,0,0,0,0.00285777663933795,0,0,0,0,0.874201669595342,0,0,0.0715936694387922,0,11.5273916995196,262.173757252135,FALSE,FALSE,FALSE,FALSE,FALSE,0,0
OGA,Ogasawara-shoto,271,12358.1231583866,236.100834530397,90.450509497554,55.7341189088584,94.2041375464684,0.485794525597236,0,0,0,0,0,0,0,0,0,0,0,0,,,2.91697205334178,-464.513414634146,FALSE,FALSE,FALSE,FALSE,FALSE,0,0
OHI,Ohio,1828,34114.7808898286,434.304151963289,67.3166774549596,0.197691750898378,100.63194032348,0,0,0,0.918979171076091,0,0,0,0,0,0,0,0,0,24.6321727858339,0.033921302578019,5.67411626755522,172.020576818267,FALSE,FALSE,FALSE,FALSE,FALSE,0,0
OKL,Oklahoma,2178,37787.7831786077,690.008794117657,168.34149777149,0.654684126370565,105.950480113636,0,0,0,0.118248393621415,0.00455036775500174,0,0,0.877197740324995,0,0,0,0,0,14.8700080568831,0.0400270224624219,4.15199524296107,147.369335616859,FALSE,FALSE,FALSE,FALSE,FALSE,0,0
OMA,Oman,1288,26213.3724159206,607.529540616553,216.478057570007,45.0704431452384,104.825642978003,0,0,0,0,0,0,0,0.0821782676357091,0,0,0,0,0.915803878799107,4.91129821749056,0,5.8386479474352,-25.7142736999322,FALSE,FALSE,FALSE,FALSE,FALSE,0,0
ONT,Ontario,1952,34147.1084545934,436.66659635016,72.8467401153323,0,99.5632116291252,0,0,0,0.270135652328869,0,0.647427565388192,0,0,0,0,0,0,0,4.03323353194812,0.0902139333975425,7.13075359471274,80.9857563150554,FALSE,FALSE,FALSE,FALSE,FALSE,0,0
ORE,Oregon,3130,40405.3712180767,1824.54129894353,679.405001114494,90.6225028470154,107.280600883152,0,0,0,0.0555188205462756,0.593137293536905,0,0,0.0504325585519221,0,0,0,0,0.300070182925467,10.3274720303467,0.192089683839274,4.5995700673815,297.564231228911,FALSE,FALSE,FALSE,FALSE,FALSE,0,0
PAK,Pakistan,4398,61387.4202313065,2202.70123995225,891.970186415225,106.226675475569,107.349720822741,0,0,0.0110633596464286,0.00322467307935428,0.0295736357684799,0,0,0,0.00409351246048491,0.0587767897821152,0,0,0.886384867305591,11.3817773680446,0.000236649049459651,4.9142811292397,117.046782679823,FALSE,FALSE,FALSE,FALSE,FALSE,0,0
PAL,Palestine,2734,39536.3394116982,1201.08694614136,442.194656250221,68.3459782888846,108.197619294991,0,0,0,0,0,0,0,0.0994902811343016,0,0,0,0.188980251226487,0.710614546028387,10.7395553767749,0.0010848928668294,4.40389251246297,27.6257231867599,FALSE,FALSE,FALSE,FALSE,FALSE,0,0
PAN,Panama,9040,98384.4135325581,7462.94832127014,3077.02242882862,1199.08664261608,97.4341007553877,0.869488012703302,0.067760812055127,0,0,0,0,0,0,0,0,0,0,0,9.10237139941064,0.115825201527365,2.67574163519629,-71.836094762537,FALSE,FALSE,FALSE,FALSE,FALSE,0,0
PAR,Paraguay,5053,61791.599099307,2959.89142925905,1252.02638859881,215.036696384248,106.910464741036,0.215801539980687,0,0,0,0,0,0.778074161955878,0,0.00612416753868961,0,0,0,0,8.32480902718839,0.344106314382323,4.74494025112108,162.722911916884,FALSE,FALSE,FALSE,FALSE,FALSE,0,0
PEN,Pennsylvania,1985,35728.2101216626,478.147017130131,77.1925769982136,0,99.9911894790603,0,0,0,0.985790678508628,0,0,0,0,0,0,0,0,0,19.8495972353875,0.0504504504504505,5.31378659938066,210.2596005628,FALSE,FALSE,FALSE,FALSE,FALSE,0,0
PER,Peru,19235,143768.843696809,16679.3244418617,10127.9561247326,4414.27426869887,99.4983456262062,0.677700892934801,0.0381071681832186,0,0,0,0,0,0,0,0.137505044783867,0,0,0.14079756707062,4.59291058835102,0.0729738927512276,3.23940011564739,582.347012994138,TRUE,TRUE,TRUE,TRUE,TRUE,1,1
PHI,Philippines,8158,93957.0020749331,9238.22716333681,5107.30891989504,3375.29288029953,93.695756370799,0.949487222599699,0,0.0239298825285046,0,0,0,0,0,0,0,0,0,0,14.1753334316887,0.0870118845500849,2.77280008372757,517.174497968169,FALSE,TRUE,TRUE,FALSE,TRUE,0,0
PHX,Phoenix Is.,28,2454.69452173305,14.7033560897022,1.08566247206607,0,85.1229655172414,0.284822069565426,0,0,0,0,0,0,0,0,0,0,0,0,,0,2.60958213806157,711.58670886076,FALSE,FALSE,FALSE,FALSE,FALSE,0,0
PIT,Pitcairn Is.,91,5680.8130946634,67.6248356750361,20.2536339217679,5.46008643754602,95.8274788732395,0.743690029449643,0,0,0,0,0,0,0,0,0,0,0,0,6.01571283508472,,4.17620014115879,197.764730296416,FALSE,FALSE,FALSE,FALSE,FALSE,0,0
POL,Poland,2597,34918.2906377403,774.527355551437,271.77951818761,54.0467554070055,111.067282871635,0,0,0,0.937175132732568,0.0618285051671311,0,0,0,0,0,0,0,0,22.9584811623391,0.0739283913262733,4.98208207263742,79.8628071268221,FALSE,FALSE,FALSE,FALSE,FALSE,0,0
POR,Portugal,2523,36554.0217264732,1056.78192169007,405.990618769931,37.0984197827227,107.696826736672,0,0,0,0.167881105875649,0,0,0,0,0,0,0,0.824987259343379,0,18.7210342338444,0.380902043692741,3.09202711853256,-91.714518435297,FALSE,FALSE,FALSE,FALSE,FALSE,0,0
PRM,Primorye,1865,34211.2380453507,883.575623701764,280.624488652113,44.1212077980776,99.9958008874099,0,0,0,0.787269506329411,0,0.0889754419460411,0,0,0.111683286003296,0,0,0,0,4.59688247997383,0.0679035960214231,5.96011061683943,102.869807401365,FALSE,FALSE,FALSE,FALSE,FALSE,0,0
PEI,Prince Edward I.,643,17919.1187575045,166.251610800622,17.9687485132986,0,94.2402730210016,0,0,0,0.905567080284039,0,0,0,0,0,0,0,0,0,18.656284717962,0.152542372881356,5.39276427856502,138.105451122694,FALSE,FALSE,FALSE,FALSE,FALSE,0,0
PUE,Puerto Rico,2009,41817.8981735521,1342.73840488983,401.106362922666,200.945871807247,99.6955274725275,0.801576681865079,0.133380243766756,0,0,0,0,0,0,0,0,0,0,0,26.8817942263852,0.288135593220339,2.84550651739798,-696.184024353477,FALSE,FALSE,FALSE,FALSE,FALSE,0,0
CHQ,Qinghai,2145,32345.0581693726,1215.67559136791,516.790709494536,90.5545499072401,104.990686723973,0,0,0,0,0.0114507169668397,0,0,0,0,0.759712617354456,0,0,0.228836595945545,4.2670881884204,0,4.83770000689309,357.472139838375,FALSE,FALSE,FALSE,FALSE,FALSE,0,0
QUE,Québec,1687,30423.3061420401,388.661371321916,74.6880999416604,4.69631083172853,99.4608486322188,0,0,0,0.155746282432602,0,0.708040085011823,0,0,0,0,0.133226846234511,0,0,2.1111475483752,0.122454048683557,6.97817364051125,359.766609775783,FALSE,FALSE,FALSE,FALSE,FALSE,0,0
QLD,Queensland,7789,91181.6345750467,12767.6312329507,3985.71232382825,4125.0844124537,96.8210487235973,0.0184173727928722,0,0,0.0453994057765918,0,0,0.675665070647105,0.116149615683059,0,0,0,0,0.142285964532804,4.98098661348589,0.0172921598034078,3.66537268784705,70.8171554416924,FALSE,FALSE,TRUE,FALSE,TRUE,0,0
REU,Réunion,733,18554.982483412,723.302285166056,341.570585054059,162.598276717145,92.418553619303,0.984854644226861,0,0,0,0,0,0,0,0,0,0,0,0,21.1550761577327,0.117647058823529,-0.0803019159329388,1055.85751904339,FALSE,FALSE,FALSE,FALSE,FALSE,0,0
RHO,Rhode I.,1227,27466.8609336348,303.475896734611,38.4988927443329,1.06711800289321,97.9411000834028,0,0,0,0.96525655374433,0,0,0,0,0,0,0,0,0,26.1265998439267,0.134831460674157,5.11310113608389,155.918214338271,FALSE,FALSE,FALSE,FALSE,FALSE,0,0
ROD,Rodrigues,167,7918.88529274032,169.06312440885,45.8129643573159,40.1104506074074,96.1048514285714,0.888134586066358,0,0,0,0,0,0,0,0,0,0,0,0,,0,1.59218469177939,66.2300972976254,FALSE,FALSE,FALSE,FALSE,FALSE,0,0
ROM,Romania,3182,42282.4859721209,918.289578640019,358.195336017515,45.8863910432186,108.386144092219,0,0,0,0.671371435077169,0.22519472455647,0,0,0.102331047731677,0,0,0,0,0,17.8458123784237,0.0417439703153989,5.22626629311706,22.1154652749484,FALSE,FALSE,FALSE,FALSE,FALSE,0,0
RWA,Rwanda,2356,42032.8203297097,959.640257821561,278.710877591574,30.6297222797727,105.998856277056,0.44015647122435,0,0,0,0,0,0.535404299759004,0,0,0.0244392601724576,0,0,0,20.1596499171724,0.0854591836734694,3.81761598534913,310.029207254788,FALSE,FALSE,FALSE,FALSE,FALSE,0,0
SAK,Sakhalin,1155,25539.949661956,553.899438242883,168.683627119933,16.2502835572779,98.3218695263628,0,0,0,0.0908479687728546,0,0.867340575369503,0,0,0,0,0,0,0,4.98554628324628,0.0642047838858582,6.21113056274612,261.181723109039,FALSE,FALSE,FALSE,FALSE,FALSE,0,0
SAM,Samoa,703,19785.2200224823,743.027408033681,306.10238914519,162.110153417515,94.8736805755396,0.883306059265413,0,0,0,0,0,0,0,0,0,0,0,0,,0,0.162586160563372,920.23805615388,FALSE,FALSE,FALSE,FALSE,FALSE,0,0
SCZ,Santa Cruz Is.,209,9918.09041013761,237.106613567766,46.6934331033364,3.86202425722637,90.5889701492537,0.858218325013451,0,0,0,0,0,0,0,0,0,0,0,0,3.50314704214066,0,3.07818558574029,925.124537147478,FALSE,FALSE,FALSE,FALSE,FALSE,0,0
SAR,Sardegna,1960,31644.4574190811,751.976863227751,274.317015294673,64.4105887648955,105.04910373444,0,0,0,0,0,0,0,0,0,0,0,0.969382015606501,0,17.7979869816977,0.0721649484536082,5.7217001027422,-94.0307480649468,FALSE,FALSE,FALSE,FALSE,FALSE,0,0
SAS,Saskatchewan,1181,23889.2504020375,301.48936949165,51.5132147022447,0.101566208472504,101.871130782918,0,0,0,0,0,0.530425856887063,0,0.452166870761581,0,0,0,0,0,7.48530985294074,0.195739974997596,7.14922765508884,44.6817292561991,FALSE,FALSE,FALSE,FALSE,FALSE,0,0
SAU,Saudi Arabia,2006,34831.426893827,857.180170810584,289.115845502487,48.4195160300484,106.977331820474,0,0,0,0,0,0,0,0,0,0,0,0,0.999410287144739,4.3230071598701,0,5.12662338266868,18.5259350054275,FALSE,FALSE,FALSE,FALSE,FALSE,0,0
SEL,Selvagens,90,4608.53840117061,56.0850245322995,13.821605420309,0.889077701956788,102.931888888889,0,0,0,0,0,0,0,0,0,0,0,0,0,,,,,FALSE,FALSE,FALSE,FALSE,FALSE,0,0
SEN,Senegal,2058,39267.9824831071,761.993174391353,149.66137367135,14.6382241472307,100.189428290766,0,0,0,0,0,0,0.991467819860452,0,0,0,0,0,0,13.3259211001006,0.0271175626096666,4.13169941243726,-217.216017321965,FALSE,FALSE,FALSE,FALSE,FALSE,0,0
SEY,Seychelles,310,12136.6929267091,388.356247450882,82.5236562868168,146.973701510058,88.2378660130719,0.725845038911122,0,0,0,0,0,0,0,0,0,0,0,0,,0,1.86166562398279,787.417024739584,FALSE,FALSE,FALSE,FALSE,FALSE,0,0
SIC,Sicilia,2398,35632.5889118275,921.063154547127,370.571793818876,107.529438252485,106.495333756883,0,0,0,0,0,0,0,0,0,0,0,0.978141809237482,0,23.373686855714,0.0274135876042908,2.71337260535224,77.5016939336733,FALSE,FALSE,FALSE,FALSE,FALSE,0,0
SIE,Sierra Leone,2513,44900.808778907,1264.00678303037,287.305272128592,37.0198464763411,99.102680611424,0.643135354180067,0,0,0,0,0,0.258703121898172,0,0,0,0,0,0,16.4080283060593,0.501081782778018,2.76777699513124,361.727762138187,FALSE,FALSE,FALSE,FALSE,FALSE,0,0
SIN,Sinai,1233,23930.8298174332,537.069159478617,142.262126463634,26.9152159977568,106.50100410509,0,0,0,0,0,0,0,0,0.00561687255668567,0,0,0,0.988414766503899,4.49940899735709,0,3.58922619668125,-33.5518657538446,FALSE,FALSE,FALSE,FALSE,FALSE,0,0
SCI,Society Is.,414,12946.7929253297,361.569376302419,201.405944246112,84.7376307905639,100.648326478149,0.906925481970808,0,0,0,0,0,0,0,0,0,0,0,0,15.6419713609412,0,4.89350313124677,1875.18941972092,FALSE,FALSE,FALSE,FALSE,FALSE,0,0
SOC,Socotra,754,18859.8172626252,623.790376694393,328.76073929781,207.084511441681,102.76046911958,0,0,0,0,0,0,0,0,0,0,0,0,0.936444003516918,11.1663598298828,0,2.43044393472109,6.28583520469857,FALSE,FALSE,FALSE,FALSE,FALSE,0,0
SOL,Solomon Is.,1812,38703.0424263426,2050.80513271317,717.167740714647,277.021641088278,87.8060516953863,0.936056858129418,0,0,0,0,0,0,0,0,0,0,0,0,5.03131151034422,0.179054054054054,2.42936339013649,815.567558984024,FALSE,FALSE,FALSE,FALSE,FALSE,0,0
SOM,Somalia,3089,43994.5129632362,2060.61276458203,1105.55418927749,427.025149820106,106.391055428758,0.0476614192872914,0,0,0,0,0,0.762097108154944,0,0,0,0,0,0.187420878731887,10.2756546427218,0.000787595372877184,3.00935996993601,186.986510311167,FALSE,FALSE,FALSE,FALSE,FALSE,0,0
SOA,South Australia,3098,38554.8436185836,3632.59270043317,1143.62927654553,557.261102259226,100.9842838058,0,0,0,0,0,0,0,0,0,0,0,0.156224777038998,0.841376983768792,4.15194903807058,0.0125159642401022,3.48489170311961,4.8176917663661,FALSE,FALSE,FALSE,FALSE,FALSE,0,0
SCA,South Carolina,2467,40597.8324425175,854.771174342237,200.573072794101,0.642528207556281,101.942334017234,0,0,0,0.408836138515936,0.586182687684762,0,0,0,0,0,0,0,0,18.766753022264,0.514000767165324,4.14683972130729,225.66916013836,FALSE,FALSE,FALSE,FALSE,FALSE,0,0
SCS,South China Sea,200,8040.283199549,68.7086526738604,6.99249574380427,0,96.806945,0.898714613770067,0,0,0,0,0,0,0,0,0,0,0,0,,0,2.60716387120693,-326.590748856707,FALSE,FALSE,FALSE,FALSE,FALSE,0,0
SDA,South Dakota,1367,26404.3241456394,327.867136115938,59.6258173293485,0,105.085913806255,0,0,0,0,0.0244509709364198,0,0,0.975538880595358,0,0,0,0,0,12.2982825919147,0.0181409536041098,5.64131031741637,64.0460485769746,FALSE,FALSE,FALSE,FALSE,FALSE,0,0
RUS,South European Russia,2100,33427.861257758,610.772955295315,162.504940474877,22.0491321848313,107.505004347826,0,0,0,0.039591349610467,0,0,0,0.766241354273847,0,0,0,0,0.193062177625305,12.1993201837628,0.00229045880752988,5.92892537117229,20.627111501739,FALSE,FALSE,FALSE,FALSE,FALSE,0,0
SGE,South Georgia,15,1279.9369329271,12.81003661284,1.52939731663136,0,87.1882666666667,0,0,0,0,0,0,0,0,0,0,0.935737418368461,0,0,,0,0.586168163070028,2326.93749513808,FALSE,FALSE,FALSE,FALSE,FALSE,0,0
SSA,South Sandwich Is.,2,460.808073,1.59839959711757,0.110909090909091,0,98.1045,0,0,0,0,0,0,0,0,0,0,0.899754873424087,0,0,,,,,FALSE,FALSE,FALSE,FALSE,FALSE,0,0
SWC,Southwest Caribbean,262,12367.6478939676,164.418155493906,15.0506920250281,1.37828271095638,103.181511450382,0.792025896550181,0.006686700780839,0,0,0,0,0,0,0,0,0,0,0,17.6563695573959,0,1.59379758101246,-165.757334860777,FALSE,FALSE,FALSE,FALSE,FALSE,0,0
SPA,Spain,5885,54859.4674186953,2812.61461220708,1954.74059266674,631.929546410402,110.880338040296,0,0,0,0.15190390045027,0,0,0,0,0,0,0,0.845127894112912,0,16.8773971852811,0.0920977467470644,4.12673527386108,16.2118335935147,FALSE,FALSE,FALSE,FALSE,FALSE,0,0
SRL,Sri Lanka,3198,58811.1332092729,3069.6346131796,1217.9552982443,755.523539554149,97.2743304058147,0.234706407582143,0.721541052574239,0,0,0,0,0,0,0,0,0,0,0.032380135885876,17.5481600416104,0.0723062381852552,2.48513300632522,311.414276710697,FALSE,FALSE,FALSE,FALSE,FALSE,0,0
STH,St.Helena,50,2568.20573634181,53.9178402951288,31.5052879244051,22.0611297510238,96.6745689655172,0,0,0,0,0,0,0.961695014566402,0,0,0,0,0,0,,0,4.58712135353672,-34.5545929419812,FALSE,FALSE,FALSE,FALSE,FALSE,0,0
SUD,Sudan,3858,58874.8554425398,1440.04750473515,387.521635899822,27.2840647375588,104.887908616188,0.00301249595990043,0,0,0,0,0,0.637980318174699,0,0.0716483201356784,0.000237188450799727,0,0,0.286973935036109,7.39572393012427,0.00317936942506403,3.60269017203184,74.959572114324,FALSE,FALSE,FALSE,FALSE,FALSE,0,0
SUL,Sulawesi,3861,64030.0336858911,3720.41891563855,1685.85877008521,740.050086854138,90.8252051282051,0.974703016016683,0,0,0,0,0,0,0,0,0,0,0,0,9.82884566910328,0.234458556149733,2.33650023955348,1131.04544468978,FALSE,FALSE,FALSE,FALSE,FALSE,0,0
SUM,Sumatera,6663,85463.9864153881,7236.76455645138,2819.47946557386,1633.17987278054,89.2497913266848,0.960995938594941,0,0.00583514921003119,0,0,0,0,0,0,0,0,0,0,10.1467614380631,0.564184895310723,1.67663244457392,213.233390803525,FALSE,FALSE,TRUE,FALSE,FALSE,0,0
SUR,Surinam,4139,61862.8118748105,2916.61064178208,686.187241675354,101.846898810852,96.2709674429658,0.96644316554984,0,0,0,0,0,0.00419559896438446,0,0,0,0,0,0,1.60473914623515,0.0349923929580526,3.7143214063382,-647.646624005219,FALSE,FALSE,FALSE,FALSE,FALSE,0,0
SVA,Svalbard,175,5275.84024851475,51.7290800344503,14.7176715854709,0.737320076233604,99.5215254237288,0,0,0,0,0,0,0,0,0,0,0.986573003434161,0,0,0.199038116566391,0,6.68224633202225,237.341673555934,FALSE,FALSE,FALSE,FALSE,FALSE,0,0
SWZ,Swaziland,2516,41911.8499407801,1413.59008360392,408.592013844994,17.2882416554638,105.546448863636,0.171983397914837,0,0,0,0,0,0.40849777175395,0,0,0.419518568016948,0,0,0,18.0496168921295,0.126605504587156,2.52714242655978,13.0342131782546,FALSE,FALSE,FALSE,FALSE,FALSE,0,0
SWE,Sweden,3327,29425.3679409685,724.283205576632,1470.90637958029,126.229093976966,116.577699037883,0,0,0,0.284153413390016,0,0.583098495964762,0,0,0,0,0.112896091125865,0,0,9.63203051877738,0.189935520044856,5.93308013870087,311.543498917921,FALSE,FALSE,FALSE,FALSE,FALSE,0,0
SWI,Switzerland,2897,37615.2587608033,834.821768692959,375.875095975861,17.1175629358993,110.878247545582,0,0,0,0.428667584847325,0.571332459289185,0,0,0,0,0,0,0,0,20.237988736057,0.0270880361173815,4.17506775725104,-71.8552881236199,FALSE,FALSE,FALSE,FALSE,FALSE,0,0
TZK,Tadzhikistan,4281,46690.4763787874,2211.37252432867,1283.37955358618,298.95740203098,111.464501103753,0,0,0,0,0,0,0,0.462249790813581,0,0.456964121844265,0,0,0.027416689220415,7.56305027916455,0,1.24675120526538,196.729785780441,FALSE,FALSE,FALSE,FALSE,FALSE,0,0
TAI,Taiwan,3596,64605.2756950095,3286.66061582896,1211.63265129656,671.605024628122,94.8600090497738,0.987759806087452,0,0,0,0,0,0,0,0,0,0,0,0,20.4363009649772,0.0236013986013986,3.29878648623303,1147.31916630919,FALSE,FALSE,FALSE,FALSE,FALSE,0,0
TAN,Tanzania,9277,90603.8049514078,5459.42861541258,2887.14258249998,1024.98273517393,105.878769499291,0.115404378191474,0,0,0,0,0,0.767691533325524,0,0.036378509138132,0.0229010292818764,0,0,0,10.9780258989597,0.121627023785729,3.6569481943484,90.4503541390043,FALSE,FALSE,TRUE,FALSE,FALSE,0,0
TAS,Tasmania,1699,28151.2008685975,2643.7466199067,748.574420085166,790.941190061209,95.2767186761229,0,0,0,0.976080283947087,0,0,0,0,0,0,0,0,0,6.05807620000791,0.282698485543827,2.82261177630443,329.186204956821,FALSE,FALSE,FALSE,FALSE,FALSE,0,0
TEN,Tennessee,2310,38544.3281940473,678.965316486772,157.30051487184,11.3772288773199,102.402226117441,0,0,0,1.00000534531023,0,0,0,0,0,0,0,0,0,17.712059753811,0.147462853938884,4.81733543236486,300.050416295066,FALSE,FALSE,FALSE,FALSE,FALSE,0,0
TEX,Texas,4567,55821.6508699075,2106.78613157081,884.252867459473,186.81399732125,107.685719845244,0,0,0.00563208443917286,0.0767673431419892,0.0862429292425202,0,0.0698518813437761,0.537474488517578,0,0,0,0,0.222267591402845,14.9826152159164,0.0542681809855285,4.01476728135605,124.482930359898,FALSE,FALSE,FALSE,FALSE,FALSE,0,0
THA,Thailand,10048,113038.961972978,9770.01060691802,3362.42713149462,2262.18389182958,94.3712382432568,0.534746150416737,0.440239945907357,0,0,0,0,0,0,0,0,0,0,0,17.1942334908975,0.1497195805901,2.90627946675293,281.180885989492,FALSE,FALSE,TRUE,FALSE,FALSE,0,1
CHT,Tibet,6484,76807.3675625941,4979.52874685503,2230.57196810849,546.61849710693,101.361594200627,0,0,0,1.02629458411137e-05,0.0836703157537289,0,0,0,0,0.879848895604221,0,0,0,3.98098799965921,0.000996071053068452,3.61509268664595,321.574998041804,FALSE,FALSE,FALSE,FALSE,FALSE,0,0
TOG,Togo,1962,37342.4366969672,750.46016065654,141.213344750885,14.220365437258,100.66705023304,0.108538070468885,0,0,0,0,0,0.891063887136601,0,0,0,0,0,0,14.8898532719157,0.0696517412935323,3.61667326453841,198.920135160481,FALSE,FALSE,FALSE,FALSE,FALSE,0,0
TOK,Tokelau-Manihiki,53,3795.25176752235,37.4779006717601,3.96763276233197,4.72255167545702,85.6323653846154,0.10849460044147,0,0,0,0,0,0,0,0,0,0,0,0,5.15314163565636,0,1.73983405021561,87.6811619296395,FALSE,FALSE,FALSE,FALSE,FALSE,0,0
TON,Tonga,428,16266.3698267599,339.379637922208,82.509092241495,29.5237097830424,96.6893278301887,0.640608481889161,0,0,0,0,0,0,0,0,0,0,0,0,,0,1.59391062057498,444.159394013672,FALSE,FALSE,FALSE,FALSE,FALSE,0,0
TCS,Transcaucasus,5440,58166.7597286766,3058.54957611817,1579.62465192324,519.292428994279,109.077683008982,0,0,0,0.552568647432095,0,0,0,0.13339493489225,0,0,0,0,0.310033452799806,14.2255161277392,0.00269360269360269,4.58005212823226,339.746877554066,FALSE,FALSE,FALSE,FALSE,FALSE,0,0
TRT,Trinidad-Tobago,2313,44344.674484595,1321.98346943757,282.206965425807,79.8302038980868,99.8676381407472,0.89735703169954,0.0483502562572459,0,0,0,0,0,0,0,0,0,0,0,21.7896139726219,0.167701863354037,2.28417941690291,-172.55148542054,FALSE,FALSE,FALSE,FALSE,FALSE,0,0
TDC,Tristan da Cunha,57,2935.83254765598,75.2020653181788,35.8737012828018,23.3568797389947,95.3280714285714,0,0,0,0,0,0,0,0.902307961553993,0,0,0,0,0,,0,1.41376045676556,1118.18550605531,FALSE,FALSE,FALSE,FALSE,FALSE,0,0
TUA,Tuamotu,129,6971.83227879373,80.160367001422,20.9231213657141,2.68667805393487,95.3498105263158,0.410530700305092,0,0,0,0,0,0,0,0,0,0,0,0,5.47741347597754,0,1.60848755274067,327.944669721554,FALSE,FALSE,FALSE,FALSE,FALSE,0,0
TUB,Tubuai Is.,262,10719.8263581913,229.735996843039,93.1746843890648,34.2850097090535,99.8258052631579,0.619442647396676,0,0,0,0,0,0,0,0,0,0,0,0,15.0223531155359,,1.64259106329576,701.591296873183,FALSE,FALSE,FALSE,FALSE,FALSE,0,0
TUN,Tunisia,2312,34478.3477983508,872.9240629158,298.789804407838,14.3143786843995,106.982395705521,0,0,0,0,0.0168056560221496,0,0,0,0.0690559769649319,0,0,0.506806270314768,0.405142058297842,11.351484809534,0.00847115772488907,3.99920892365909,-48.2201850377312,FALSE,FALSE,FALSE,FALSE,FALSE,0,0
TUR,Turkey,9586,74530.0093035035,6015.72560210485,4462.37025247727,1990.65141924646,111.903046870052,0,0,0,0.375571282933624,0.134051313382022,0,0,0.139304461529642,0,0,0,0.348952320749775,0,14.5217384483876,0.0238639670727144,4.54634232532544,140.272152333843,FALSE,TRUE,TRUE,FALSE,FALSE,0,0
TUE,Turkey-in-Europe,2149,33628.1184384652,628.651362823935,164.098318517881,7.2871108429849,108.109958078191,0,0,0,0.876961616858783,0,0,0,0,0,0,0,0.114033358287915,0,19.4579315297187,0.0595238095238095,4.54121303468475,-41.1637216247761,FALSE,FALSE,FALSE,FALSE,FALSE,0,0
TKM,Turkmenistan,2630,34805.456072527,1249.3615169795,571.513679753823,81.3804794861266,109.472196055684,0,0,0,0,0,0,0,0.00789704509269665,0,0.0717984318506808,0,0,0.918599117755086,6.77830689139277,0.000133324445036998,5.81049184688463,11.6805245739357,FALSE,FALSE,FALSE,FALSE,FALSE,0,0
TCI,Turks-Caicos Is.,396,14068.7793665699,224.766140628051,50.0051368785078,3.18546047795955,102.033835475578,0,0,0.372110333854296,0,0,0,0,0,0,0,0,0,0,12.5276319163817,0.166666666666667,2.66729670407483,-373.720545789931,FALSE,FALSE,FALSE,FALSE,FALSE,0,0
TVA,Tuva,1642,28148.6597956348,560.285596303388,169.296210785872,2.50901563981719,107.700421604938,0,0,0,0,0.574935492017145,0,0,0.213580816608931,0,0.080359764304619,0,0,0.131123943760177,2.29455058977949,0.0989152417723846,6.94096948353869,152.341842616234,FALSE,FALSE,FALSE,FALSE,FALSE,0,0
TUV,Tuvalu,46,3987.82404694808,30.1430646310459,1.72306678951044,0,96.5969333333334,0.0836544514038955,0,0,0,0,0,0,0,0,0,0,0,0,,,1.89578430896672,542.793527774361,FALSE,FALSE,FALSE,FALSE,FALSE,0,0
UGA,Uganda,4451,62465.6245383575,1824.46916119238,550.037504051943,28.332557271437,104.686385037749,0.0993540062497556,0,0,0,0,0,0.762940084610105,0,0,0.00657646295894259,0,0,0,15.2459195489613,0.13545301796562,3.48857000749632,240.161520534501,FALSE,FALSE,FALSE,FALSE,FALSE,0,0
UKR,Ukraine,3101,41568.5039986766,945.475807383352,355.241264226093,62.2704368470779,108.466273986152,0,0,0,0.56289459958842,0.0554029621499466,0,0,0.380662379982989,0,0,0,0,0,17.5527733951906,0.0499535555784911,5.36410983101904,24.2818354768622,FALSE,FALSE,FALSE,FALSE,FALSE,0,0
URU,Uruguay,2444,38143.5936615417,1352.62485950283,572.105968055118,66.5956499724444,107.129595603484,1.28218603287437e-05,0,0,0,0,0,0.998199671999105,0.00020184653029084,0,0,0,0,0,9.85504106166354,0.0933380207417824,2.83262360182666,190.418572009993,FALSE,FALSE,FALSE,FALSE,FALSE,0,0
UTA,Utah,2868,36923.5060347734,1302.37973208262,565.564860531752,106.799218714817,112.559406053894,0,0,0,0,0.181332441751232,0,0,0,0,0,0,0,0.818185585344292,8.7106673015206,0.0330733679953784,5.7029151534662,29.2685528546038,FALSE,FALSE,FALSE,FALSE,FALSE,0,0
UZB,Uzbekistan,3635,42242.8346854219,1762.16192187022,965.046903816886,158.850180500407,110.272164951321,0,0,0,0,0,0,0,0.243112502889635,0,0.00162610152004585,0,0,0.713844656468343,8.96381477392046,7.02790076604118e-05,5.74275103258714,33.4430981009536,FALSE,FALSE,FALSE,FALSE,FALSE,0,0
VAN,Vanuatu,846,24294.6397853091,1036.2587918474,307.494435690726,170.176756146103,91.9166407185629,0.940281373287394,0,0,0,0,0,0,0,0,0,0,0,0,6.26037462046424,0.0242130750605327,3.0129519416191,175.65892016678,FALSE,FALSE,FALSE,FALSE,FALSE,0,0
VEN,Venezuela,14957,130885.393450951,12804.8783125575,5928.37031823497,3012.08196722445,98.2099980522533,0.517254499103606,0.099672290508158,0,0,0,0,0.259404772547872,0,0.00649269879673562,0.00341003799894639,0,0,0.101053525113698,6.21550649018448,0.0731185762571567,3.76371730481159,-184.435977005423,FALSE,TRUE,TRUE,FALSE,FALSE,1,1
VNA,Venezuelan Antilles,743,21560.6531223867,392.199773544549,71.0637352851956,1.65722466228893,103.485231707317,0,0,0,0,0,0,0,0,0,0,0,0,0.58829295620336,21.1742550657456,0,1.66770760218306,-627.952486979167,FALSE,FALSE,FALSE,FALSE,FALSE,0,0
VER,Vermont,1446,29838.4231709707,343.728692471116,46.3241332192353,0,97.002584680253,0,0,0,0.999994364609402,0,0,0,0,0,0,0,0,0,13.022159408208,0.053735255570118,5.86516804401814,249.01811653758,FALSE,FALSE,FALSE,FALSE,FALSE,0,0
VIC,Victoria,3163,40586.5791314635,4120.94560950563,1150.42941786108,658.321392028878,99.3068010236724,0,0,0,0.557384470914343,0,0,0,0.0922571853634794,0,0.0322162375942963,0,0.311599872344041,0,11.6660135169399,0.180052711887918,2.74445108062012,0.426922878558685,FALSE,FALSE,FALSE,FALSE,FALSE,0,0
VIE,Vietnam,10539,118235.873040651,10369.0988806357,3934.10181469991,2453.13325977007,93.0655833174452,0.6653564988396,0.279593770910791,0,0,0,0,0,0,0,0,0,0,0,14.7345371687503,0.312079246008848,2.41235884919758,317.093078980113,FALSE,FALSE,TRUE,FALSE,FALSE,0,1
VRG,Virginia,2415,40031.6889780246,670.599243615873,141.374347467819,1.54548294409175,100.883095798319,0,0,0,0.901505617092232,0.0866268583588464,0,0,0,0,0,0,0,0,16.6026255151535,0.295154185022026,4.96362781269755,185.919204969464,FALSE,FALSE,FALSE,FALSE,FALSE,0,0
WAK,Wake I.,22,1911.21537311035,13.9103754380689,1.64301635981791,1.98560483120701,91.1038461538462,0.220432430496303,0,0,0,0,0,0,0,0,0,0,0,0,,,2.1921173714303,-131.24054054054,FALSE,FALSE,FALSE,FALSE,FALSE,0,0
WAL,Wallis-Futuna Is.,257,10673.3499242615,167.596724929334,32.2362919035364,0.800687224199822,93.6995137254902,0.578110863459678,0,0,0,0,0,0,0,0,0,0,0,0,,0,2.21997263867572,1197.5008803312,FALSE,FALSE,FALSE,FALSE,FALSE,0,0
WAS,Washington,2334,34460.4935874927,1052.54474962746,355.127697621536,44.0891164360301,106.639432915921,0,0,0,0.00532863529496164,0.629890523731006,0,0,0.155993710030547,0,0,0,0,0.198511058003119,12.0638146647826,0.223364651657508,4.6961932334881,220.380940071151,FALSE,FALSE,FALSE,FALSE,FALSE,0,0
WHM,West Himalaya,4919,67434.2044168944,2693.25760364602,1147.92937439451,198.05958313498,104.650957600827,0.01610646164205,0,0.1400063220425,0.162344130531429,0.0380808347598344,0,0.0107435684505847,0,0,0.502455260695793,0,0,0.0275965752765742,8.35697210127944,0.00297587416303539,-0.579098775490259,735.5494516363,FALSE,FALSE,FALSE,FALSE,FALSE,0,0
WSB,West Siberia,2153,32084.55184859,563.192885109709,192.540391074232,7.68233354105792,107.349315413892,0,0,0,0.0856968449629075,0.0184085025570234,0.609650960617393,0,0.140538312865369,0,0,0.14300655216469,0,0,4.36865298127223,0.0680833163369366,6.22943302836311,151.858472625079,FALSE,FALSE,FALSE,FALSE,FALSE,0,0
WVA,West Virginia,1651,33062.7425921943,460.494489059428,70.6967379573359,0,101.576019680197,0,0,0,1.00000039223426,0,0,0,0,0,0,0,0,0,14.3558824166749,0.110087045570917,5.04867033982632,224.50500602641,FALSE,FALSE,FALSE,FALSE,FALSE,0,0
WAU,Western Australia,10251,80773.3417175377,20885.8350556114,7869.87151153742,14174.6217842119,95.5896755564271,0,0,0,0,0,0,0.128368089009879,0,0,0,0,0.19420887469126,0.67473949011371,3.50595251153565,0.0377713422935076,4.2113403691721,45.5053098244885,TRUE,TRUE,TRUE,FALSE,TRUE,0,0
WSA,Western Sahara,387,11958.3521268127,208.303667490731,41.1716662540013,2.53132273438472,100.885302949062,0,0,0,0,0,0,0,0,0.00133042074515459,0,0,0.00739993154831762,0.989216238242499,1.63215105236235,0,2.07770959604594,7.42957329082866,FALSE,FALSE,FALSE,FALSE,FALSE,0,0
WIN,Windward Is.,1733,38679.644958761,1030.48336306073,285.355055029266,66.6479044481184,101.365972926267,0.525894990476204,0.115526034777152,0,0,0,0,0,0,0,0,0,0,0.220563804944713,22.3103615229102,0.170940170940171,0.530071401052325,-63.0770798611536,FALSE,FALSE,FALSE,FALSE,FALSE,0,0
WIS,Wisconsin,1726,32045.411077702,386.886826979921,61.600928721317,0.29410833082866,99.6135131578948,0,0,0,0.850553860862597,0,0,0,0.00742615660824742,0,0,0,0,0,18.0140543056652,0.0549287960051785,6.37750340027885,83.2197766130562,FALSE,FALSE,FALSE,FALSE,FALSE,0,0
WYO,Wyoming,2181,31924.8909199907,700.032592994282,239.931270452683,19.6917549079505,111.055353394319,0,0,0,0,0.251164844625629,0,0,0.298188534148666,0,0,0,0,0.453816485801907,10.096135066932,0.0384519970230712,4.63194152246109,119.606717922029,FALSE,FALSE,FALSE,FALSE,FALSE,0,0
CHX,Xinjiang,3383,40849.2392276414,1484.63276291095,773.040484261215,167.74316271115,110.496006584855,0,0,0,0.0334193757658744,0.0183248222285878,0,0,0.0344158706396696,0,0.283607070058182,0,0,0.621102059270285,3.34971036288324,0.000115326951908661,4.72640641070266,122.83907884046,FALSE,FALSE,FALSE,FALSE,FALSE,0,0
YAK,Yakutskiya,1515,25081.4065093458,503.513708869722,184.807435598579,34.4366354378593,105.201113436867,0,0,0,0,0,0.720304936566281,0,0,0,0,0.277394540049571,0,0,1.03151423094376,0.135887748484131,9.45535866380375,215.017840140158,FALSE,FALSE,FALSE,FALSE,FALSE,0,0
YEM,Yemen,2010,35884.5697503487,1007.33432595361,417.322767812076,128.996491222197,107.074150515464,0,0,0,0,0,0,0,0,0,0,0,0,0.998969123743873,6.36490024145727,0,5.875892587443,35.8536643187607,FALSE,FALSE,FALSE,FALSE,FALSE,0,0
YUG,Yugoslavia,4997,54108.2185588122,1846.63100027903,896.440823600951,165.100169035114,109.158404664484,0,0,0,0.865472373652219,0.0149103819430839,0,0,0,0,0,0,0.115068744190573,0,17.6394023206096,0.0202528538112189,5.00677735022575,76.2353278436409,FALSE,FALSE,FALSE,FALSE,FALSE,0,0
YUK,Yukon,1040,19776.5332579053,311.231440194318,82.3477533910857,4.3280636897872,102.916092857143,0,0,0,0,0,0.618387489502297,0,0,0,0,0.340627745763,0,0,0.568319442496497,0.0892206418243799,8.29762365216564,499.954581940661,FALSE,FALSE,FALSE,FALSE,FALSE,0,0
ZAI,Zaïre,9094,90968.3397924966,5101.20735874625,2557.30924378845,762.874930556812,102.936996552108,0.487801302602307,0,0,0,0,0,0.503327823351875,0,0.00102012598090708,0.000309221557991707,0,0,0,6.96777640256255,0.167782793235869,3.81074163450581,463.464757766702,FALSE,TRUE,TRUE,TRUE,FALSE,0,0
ZAM,Zambia,6017,67883.9422353356,2729.01576474747,1250.13983821034,174.252818286849,105.174395896914,0,0.0465241910669704,0,0,0,0,0.84106028801462,0,0.107855952109739,0.00173032698002597,0,0,0,7.53183128056477,0.127353960499395,4.00102632157916,121.752872833765,FALSE,FALSE,FALSE,FALSE,FALSE,0,0
ZIM,Zimbabwe,4995,64022.5872587628,2389.03710207622,840.237731270995,113.455817374214,105.533525061627,0,0,0,0,0,0,0.982341780125721,0,0,0.017657232216248,0,0,0,13.0133022495968,0.0393041237113402,3.87681907072532,44.4547950151757,FALSE,FALSE,FALSE,FALSE,FALSE,0,0
